literature_id,reference_short,doi,year,source_dataset,formulation_id,electrolyte,method,current_ma_cm2,capacity_mah_cm2,cycle,ce_percent,lce,reference_id,solvent_1_volume_fraction,solvent_2_volume_fraction,solvent_3_volume_fraction,solvent_1_molarity,solvent_2_molarity,solvent_3_molarity,salt_1_molarity,salt_2_molarity,salt_3_molarity,fc,oc,fo,inor,f_total,f_solvent,f_anion,o_total,o_solvent,o_anion,c_total,c_solvent,c_anion,reference_text
cui2023_001,Kim et al. PNAS 2023,10.1073/pnas.2214357120,2023,cui_pnas_2023_dataset_s01,1_m_liclo4_pc_5_fec,1 M LiClO4-PC + 5% FEC,Cycle,0.5,0.083,30.0,80.0,0.6989700043360189,2.0,1.0,0.05,,11.754564689287674,0.6854998397043016,,1.0,,,0.013968481227056049,0.841984658474856,0.01658994743723491,0.8763302140905531,0.0041378841237753525,0.0041378841237753525,0.0,0.24942117143109072,0.2252759630204788,0.024145208410611897,0.2962300665701964,0.2962300665701964,0.0,"Mogi, R. et al. Effects of Some Organic Additives on Lithium Deposition in Propylene Carbonate. J. Electrochem. Soc. 149, A1578 (2002)."
cui2023_002,Kim et al. PNAS 2023,10.1073/pnas.2214357120,2023,cui_pnas_2023_dataset_s01,1_m_lipf6_ec_dmc_1_1_v_2_vc,1 M LiPF6 EC-DMC (1:1 v) 2% VC,Cycle,0.6,0.44,50.0,80.0,0.6989700043360189,34.0,0.5,0.5,0.02,7.494719629352049,5.9392970536646015,0.31378564953629456,1.0,,,0.1454777972232165,1.0,0.1454777972232165,1.1697240967604192,0.03828262946791827,0.0,0.03828262946791827,0.26315101134765345,0.26315101134765345,0.0,0.26315101134765345,0.26315101134765345,0.0,"Ota, H., Shima, K., Ue, M. & Yamaki, J. Effect of vinylene carbonate as additive to electrolyte for lithium metal anode. Electrochim. Acta 49, 565–572 (2004)."
cui2023_003,Kim et al. PNAS 2023,10.1073/pnas.2214357120,2023,cui_pnas_2023_dataset_s01,1_m_libf4_ec_dmc_1_1_v_2_vc,1 M LiBF4 EC-DMC (1:1 v) 2% VC,Cycle,0.6,0.44,50.0,80.0,0.6989700043360189,34.0,0.5,0.5,0.02,7.494719629352049,5.9392970536646015,0.31378564953629456,1.0,,,0.14263404324360732,0.9847837183017345,0.14483793811049253,1.1516640610825446,0.03756240205750315,0.01202153591049008,0.025540866147013067,0.2593409057566666,0.2593409057566666,0.0,0.2633480843934966,0.2633480843934966,0.0,"Ota, H., Shima, K., Ue, M. & Yamaki, J. Effect of vinylene carbonate as additive to electrolyte for lithium metal anode. Electrochim. Acta 49, 565–572 (2004)."
cui2023_004,Kim et al. PNAS 2023,10.1073/pnas.2214357120,2023,cui_pnas_2023_dataset_s01,1m_litfpfb_pc,1M LiTFPFB PC,Cycle,0.5,1.0,50.0,80.6,0.7121982700697738,21.0,1.0,,,11.754564689287674,,,1.0,,,0.23991238995868602,0.7250091260459701,0.3309094759497883,0.98491421516788,0.07025376910012304,0.0,0.07025376910012304,0.21230509914676254,0.20645061838841897,0.005854480758343587,0.2928309334595894,0.2752674911845586,0.01756344227503076,"Qiao, L. et al. A promising bulky anion based lithium borate salt for lithium metal batteries. Chem. Sci. 9, 3451–3458 (2018)."
cui2023_005,Kim et al. PNAS 2023,10.1073/pnas.2214357120,2023,cui_pnas_2023_dataset_s01,1_m_lipf6_ec_emc_3_7_wt_2_wt_vc,1 M LiPF6 EC-EMC (3:7 wt) 2% wt VC,Aurbach,0.5,1.0,10.0,82.0,0.7447274948966941,13.0,0.24620655898188937,0.7537934410181106,0.02,3.690498260953578,7.284217721357674,0.31378564953629456,1.0,,,0.14580900230748536,0.8229825802430556,0.1771714320665485,0.9930930829351219,0.03829497162843632,0.0,0.03829497162843632,0.2161464248595795,0.2161464248595795,0.0,0.262637910022037,0.262637910022037,0.0,"Chen, S. et al. High-Efficiency Lithium Metal Batteries with Fire-Retardant Electrolytes. Joule 2, 1548–1558 (2018)."
cui2023_006,Kim et al. PNAS 2023,10.1073/pnas.2214357120,2023,cui_pnas_2023_dataset_s01,1_m_litfsi_ec_dmc_1_1_v_2_vc,1 M LiTFSI EC-DMC (1:1 v) 2% VC,Cycle,0.6,0.44,50.0,82.0,0.7447274948966941,34.0,0.5,0.5,0.02,7.494719629352049,5.9392970536646015,0.31378564953629456,1.0,,,0.13874947458059525,1.0462498248601984,0.132616007461827,1.2543740367310914,0.03642344893521116,0.0,0.03642344893521116,0.27465348740570034,0.2503711881155596,0.024282299290140773,0.26251233776062993,0.2503711881155596,0.012141149645070386,"Ota, H., Shima, K., Ue, M. & Yamaki, J. Effect of vinylene carbonate as additive to electrolyte for lithium metal anode. Electrochim. Acta 49, 565–572 (2004)."
cui2023_007,Kim et al. PNAS 2023,10.1073/pnas.2214357120,2023,cui_pnas_2023_dataset_s01,1m_lipf6_ec_dmc_3_7_v_v,1M LiPF6 EC-DMC (3:7 v/v),Aurbach,0.4,0.8,10.0,83.3,0.7772835288524166,1.0,0.3,0.7,,4.496831777611229,8.315015875130442,,1.0,,,0.1561055090732374,1.0,0.1561055090732374,1.182123093918777,0.03928025266926178,0.0,0.03928025266926178,0.25162630647989065,0.25162630647989065,0.0,0.25162630647989065,0.25162630647989065,0.0,"Zheng, H. et al. Lithium Difluorophosphate-Based Dual-Salt Low Concentration Electrolytes for Lithium Metal Batteries. Adv. Energy Mater. 10, 2001440 (2020)."
cui2023_008,Kim et al. PNAS 2023,10.1073/pnas.2214357120,2023,cui_pnas_2023_dataset_s01,1m_lipf6_ec_dec_1_2_w_w,1M LiPF6 EC-DEC (1:2 w/w),Cycle,1.0,1.0,40.0,83.7,0.7878123955960424,10.0,0.2667578659370725,0.7332421340629275,,3.9985508282452793,6.0519011319000615,,1.0,,,0.14199449874307085,0.7135544441110758,0.19899602604250222,0.8792146926446586,0.03823610996121603,0.0,0.03823610996121603,0.19214509315401823,0.19214509315401823,0.0,0.2692788122052644,0.2692788122052644,0.0,"Genovese, M. et al. Combinatorial Methods for Improving Lithium Metal Cycling Efficiency. J. Electrochem. Soc. 165, A3000–A3013 (2018)."
cui2023_009,Kim et al. PNAS 2023,10.1073/pnas.2214357120,2023,cui_pnas_2023_dataset_s01,1_5_m_liasf6_pc,1.5 M LiAsF6-PC,Cycle,1.0,1.0,,85.0,0.8239087409443187,35.0,1.0,,,11.754564689287674,,,1.5,,,0.19141499999999997,0.75,0.25522,0.9733175,0.05460855524046993,0.0,0.05460855524046993,0.21396659838754772,0.21396659838754772,0.0,0.28528879785006367,0.28528879785006367,0.0,"Aurbach, D. & Zaban, A. Impedance spectroscopy of lithium electrodes: Part 1. General behavior in propylene carbonate solutions and the correlation to surface chemistry and cycling efficiency. J. Electroanal. Chem. 348, 155–179 (1993)."
cui2023_010,Kim et al. PNAS 2023,10.1073/pnas.2214357120,2023,cui_pnas_2023_dataset_s01,1_m_libeti_ec_dmc_1_1_v_2_vc,1 M LiBETI EC-DMC (1:1 v) 2% VC,Cycle,0.6,0.44,50.0,86.0,0.8538719643217619,34.0,0.5,0.5,0.02,7.494719629352049,5.9392970536646015,0.31378564953629456,1.0,,,0.221026679103045,1.0,0.22102667910304497,1.2873346828339585,0.05857234153445593,0.0,0.05857234153445593,0.2650012286849267,0.2415722920711443,0.023428936613782373,0.2650012286849267,0.2415722920711443,0.023428936613782373,"Ota, H., Shima, K., Ue, M. & Yamaki, J. Effect of vinylene carbonate as additive to electrolyte for lithium metal anode. Electrochim. Acta 49, 565–572 (2004)."
cui2023_011,Kim et al. PNAS 2023,10.1073/pnas.2214357120,2023,cui_pnas_2023_dataset_s01,1_m_lipf6_ec_dmc_1_2_vol,1 M LiPF6 EC-DMC (1:2 vol),Cycle,0.5,0.5,100.0,86.0,0.8538719643217619,36.0,0.333,0.667,,4.991483273148464,7.923022269588579,,1.0,,,0.15486462051385122,1.0,0.15486462051385122,1.1806753905994931,0.03921796758969597,0.0,0.03921796758969597,0.25324032990600515,0.25324032990600515,0.0,0.25324032990600515,0.25324032990600515,0.0,"Ma, Y. et al. Enabling reliable lithium metal batteries by a bifunctional anionic electrolyte additive. Energy Storage Mater. 11, 197–204 (2018)."
cui2023_012,Kim et al. PNAS 2023,10.1073/pnas.2214357120,2023,cui_pnas_2023_dataset_s01,1_m_lipf6_ec_dec_3_7_wt,1 M LiPF6 EC-DEC (3:7 wt),Cycle,0.1,0.1,160.0,87.0,0.8860566476931632,37.0,0.2404438964241677,0.7595561035758323,,3.604119180576201,6.269086607859447,,1.0,,,0.14232244900188032,0.7025894136548511,0.20256845069942458,0.8686322708237114,0.03824463481264038,0.0,0.03824463481264038,0.18879857490438423,0.18879857490438423,0.0,0.2687182175465172,0.2687182175465172,0.0,"Schedlbauer, T. et al. Lithium difluoro(oxalato)borate: A promising salt for lithium metal based secondary batteries? Electrochim. Acta 92, 102–107 (2013)."
cui2023_013,Kim et al. PNAS 2023,10.1073/pnas.2214357120,2023,cui_pnas_2023_dataset_s01,1_m_lipf6_ec_dec_1_1_vol,1 M LiPF6-EC/DEC (1:1 vol.),Cycle,0.5,0.5,100.0,88.0,0.9208187539523752,38.0,0.5,0.5,,7.494719629352049,4.126809447219165,,1.0,,,0.1391523567266217,0.808581579885922,0.17209439367423368,0.9709259960669807,0.038160713073204684,0.0,0.012720237691068228,0.22174291828146975,0.22174291828146975,0.025440475382136455,0.27423691535584344,0.27423691535584344,0.0,"Xu, L. et al. Self-leveling electrolyte enabled dendrite-free lithium deposition for safer and stable lithium metal batteries. Chem. Eng. J. 419, 129494 (2021)."
cui2023_014,Kim et al. PNAS 2023,10.1073/pnas.2214357120,2023,cui_pnas_2023_dataset_s01,0_6m_litfsi_0_4m_libob_ec_emc_5_5_wt,0.6M LiTFSI 0.4M LiBOB EC-EMC (5:5 wt),Aurbach,0.5,1.0,10.0,88.1,0.9244530386074693,7.0,0.43250214961306965,0.5674978503869303,,6.482964700884059,5.483966394079497,,0.6,0.4,,0.08147605704220742,0.9392558336046142,0.08674532978892872,1.0705228143948373,0.022182629935841598,0.0,0.022182629935841598,0.2557213165229416,0.2212150032894102,0.03450631323353137,0.2722594924340807,0.25500633581731497,0.017253156616765686,"Li, X. et al. Dendrite-Free and Performance-Enhanced Lithium Metal Batteries through Optimizing Solvent Compositions and Adding Combinational Additives. Adv. Energy Mater. 8, 1703022 (2018)."
cui2023_015,Kim et al. PNAS 2023,10.1073/pnas.2214357120,2023,cui_pnas_2023_dataset_s01,1m_lipf6_ec_dec_1_1_w_w,1M LiPF6 EC-DEC (1:1 w/w),Cycle,1.0,1.0,40.0,90.3,1.0132282657337552,10.0,0.42483660130718953,0.5751633986928105,,6.368062430168407,4.747179494840347,,1.0,,,0.14005574528981776,0.7783767459418648,0.17993310568437537,0.9417751154466522,0.038184977590837735,0.0,0.038184977590837735,0.21221763191159967,0.21221763191159967,0.0,0.2726412794549874,0.2726412794549874,0.0,"Genovese, M. et al. Combinatorial Methods for Improving Lithium Metal Cycling Efficiency. J. Electrochem. Soc. 165, A3000–A3013 (2018)."
cui2023_016,Kim et al. PNAS 2023,10.1073/pnas.2214357120,2023,cui_pnas_2023_dataset_s01,1_m_lipf6_ec_dmc_1_2_vol_2_ttfeb,1 M LiPF6 EC-DMC (1:2 vol) 2% TTFEB,Cycle,0.5,0.5,100.0,91.0,1.0457574905606752,36.0,0.333,0.667,0.02,4.991483273148464,7.923022269588579,,1.0,,,0.17393877666695223,0.992909949272025,0.17518081754994952,1.1946568469288068,0.04401388163655653,0.005382249884436918,0.03863163175211961,0.2512482944886748,0.2512482944886748,0.0,0.25304237778348715,0.25304237778348715,0.0,"Ma, Y. et al. Enabling reliable lithium metal batteries by a bifunctional anionic electrolyte additive. Energy Storage Mater. 11, 197–204 (2018)."
cui2023_017,Kim et al. PNAS 2023,10.1073/pnas.2214357120,2023,cui_pnas_2023_dataset_s01,0_6m_litfsi_0_4m_libob_ec_emc_7_3_wt,0.6M LiTFSI 0.4M LiBOB EC-EMC (7:3 wt),Aurbach,0.5,1.0,10.0,91.6,1.075720713938118,7.0,0.6400654426467914,0.35993455735320845,,9.59422207414963,3.478196464087141,,0.6,0.4,,0.07912878838449285,0.9850930931972601,0.08032620361560863,1.1125783633722766,0.022043267937924684,0.0,0.022043267937924684,0.2744218815993108,0.2401323536958724,0.0342895279034384,0.27857456670276254,0.2614298027510433,0.0171447639517192,"Li, X. et al. Dendrite-Free and Performance-Enhanced Lithium Metal Batteries through Optimizing Solvent Compositions and Adding Combinational Additives. Adv. Energy Mater. 8, 1703022 (2018)."
cui2023_018,Kim et al. PNAS 2023,10.1073/pnas.2214357120,2023,cui_pnas_2023_dataset_s01,0_6m_litfsi_0_4m_libob_ec_emc_9_1_wt,0.6M LiTFSI 0.4M LiBOB EC-EMC (9:1 wt),Aurbach,0.5,1.0,10.0,91.7,1.0809219076239263,7.0,0.8727588201272412,0.12724117987275882,,13.082165321795536,1.2295841365557074,,0.6,0.4,,0.07665309993621504,1.0334381233672256,0.07417289744107577,1.1569347843755722,0.021889100478487408,0.0,0.021889100478487408,0.29510914678608163,0.2610594349306568,0.03404971185542486,0.28556053827831984,0.2685356823506074,0.01702485592771243,"Li, X. et al. Dendrite-Free and Performance-Enhanced Lithium Metal Batteries through Optimizing Solvent Compositions and Adding Combinational Additives. Adv. Energy Mater. 8, 1703022 (2018)."
cui2023_019,Kim et al. PNAS 2023,10.1073/pnas.2214357120,2023,cui_pnas_2023_dataset_s01,1_m_lipf6_fec_dmc_1_1_v,1 M LiPF6 FEC-DMC (1:1 v),Cycle,1.0,1.0,50.0,91.78,1.08512818245995,38.0,0.5,0.5,,6.8549983970430155,5.9392970536646015,,1.0,,,0.33491484405606825,1.0,0.3349148440560682,1.3609681218326808,0.08696295308457,0.04637347167106454,0.04058948141350546,0.2596569086976972,0.2596569086976972,0.0,0.2596569086976972,0.2596569086976972,0.0,"Xu, L. et al. Self-leveling electrolyte enabled dendrite-free lithium deposition for safer and stable lithium metal batteries. Chem. Eng. J. 419, 129494 (2021)."
cui2023_020,Kim et al. PNAS 2023,10.1073/pnas.2214357120,2023,cui_pnas_2023_dataset_s01,1_m_lipf6_fec_ec_dec_2_9_9_vol,1 M LiPF6 FEC-EC-DEC (2:9:9 vol),Cycle,0.5,1.0,150.0,92.2,1.1079053973095199,39.0,0.1,0.45,0.45,1.3709996794086032,6.7452476664168435,3.714128502497249,1.0,,,0.17174057262699097,0.826925360582763,0.20768570032240805,1.0219654285423558,0.047244914118630334,0.008787513896015538,0.0384574002226148,0.22748274939145094,0.22748274939145094,0.0,0.27509465815770356,0.27509465815770356,0.0,"Gu, S. et al. Nitrate Additives Coordinated with Crown Ether Stabilize Lithium Metal Anodes in Carbonate Electrolyte. Adv. Funct. Mater. 31, 2102128 (2021)."
cui2023_021,Kim et al. PNAS 2023,10.1073/pnas.2214357120,2023,cui_pnas_2023_dataset_s01,1_m_litfsi_ec_dmc_1_1_v_5wt_fec,1 M LiTFSI EC-DMC (1:1 v) 5wt% FEC,Cycle,0.5,0.5,50.0,92.2,1.1079053973095199,40.0,0.5,0.5,0.05,7.494719629352049,5.9392970536646015,0.6854998397043016,1.0,,,0.15071502347999757,1.045087136966161,0.1442128777103852,1.2634328658954,0.039541912748719335,0.004054442524980672,0.03548747022373867,0.2741912745693154,0.25053296108682294,0.023658313482492442,0.2623621178280692,0.25053296108682294,0.011829156741246221,"Liu, B. et al. Importance of oxygen in the metal-free catalytic growth of single-walled carbon nanotubes from SiO x by a vapor-solid-solid mechanism. J. Am. Chem. Soc. 133, 197–199 (2011)."
cui2023_022,Kim et al. PNAS 2023,10.1073/pnas.2214357120,2023,cui_pnas_2023_dataset_s01,3_57_m_litfsi_dme,3.57 M LiTFSI DME,Aurbach,1.0,1.0,12.0,92.8,1.1426675035687313,41.0,1.0,,,9.631602308033731,,,3.57,0.0,,0.4690537390648834,0.7345268695324417,0.6385794155678151,1.4381074781297667,0.10140814491778125,0.0,0.10140814491778125,0.15880271497259377,0.09119728502740626,0.0676054299451875,0.2161972850274063,0.18239457005481252,0.03380271497259375,"Yang, H. et al. Dissolution–Precipitation Dynamics in Ester Electrolyte for High-Stability Lithium Metal Batteries. ACS Energy Lett. 6, 1413–1421 (2021)."
cui2023_023,Kim et al. PNAS 2023,10.1073/pnas.2214357120,2023,cui_pnas_2023_dataset_s01,1m_lifsi_ec_dec_v_1_1,1M LiFSI EC/DEC (v 1:1),Aurbach,0.5,1.0,10.0,93.0,1.1549019599857435,,0.5,0.5,,4.126809447219165,7.494719629352049,,1.0,,,0.0463841189088739,0.9013498177036698,0.051460729228353014,1.0173101149758546,0.01256046558333769,0.0,0.01256046558333769,0.24407865515472185,0.21895772398804647,0.02512093116667538,0.27079237201883566,0.27079237201883566,0.0,
cui2023_024,Kim et al. PNAS 2023,10.1073/pnas.2214357120,2023,cui_pnas_2023_dataset_s01,0_1m_lidfp_0_4m_litfsi_ec_dmc_3_7_v_v,0.1M LiDFP 0.4M LiTFSI EC-DMC (3:7 v/v),Aurbach,0.4,0.8,10.0,93.6,1.1938200260161125,1.0,0.3,0.7,,4.496831777611229,8.315015875130442,,0.1,0.4,,0.06626644628744607,1.025487094725941,0.06461948339306564,1.12488676415711,0.017133611588737205,0.0,0.017133611588737205,0.2651462173492991,0.2532844862494041,0.011861731099894987,0.2585563667382463,0.2532844862494041,0.005271880488842216,"Zheng, H. et al. Lithium Difluorophosphate-Based Dual-Salt Low Concentration Electrolytes for Lithium Metal Batteries. Adv. Energy Mater. 10, 2001440 (2020)."
cui2023_025,Kim et al. PNAS 2023,10.1073/pnas.2214357120,2023,cui_pnas_2023_dataset_s01,0_84_m_litfsi_2_7m_lidfp_dme,0.84 M LiTFSI 2.7M LiDFP DME,Aurbach,1.0,1.0,12.0,93.9,1.2146701649892333,41.0,1.0,,,9.631602308033731,,,0.84,2.7,,0.25966009398461387,0.6969835195745346,0.37254839848024,1.0864736605514556,0.05681767564396759,0.0,0.05681767564396759,0.1525108573161165,0.10483625591370692,0.04767460140240958,0.21881558606897183,0.20967251182741384,0.009143074241558002,"Yang, H. et al. Dissolution–Precipitation Dynamics in Ester Electrolyte for High-Stability Lithium Metal Batteries. ACS Energy Lett. 6, 1413–1421 (2021)."
cui2023_026,Kim et al. PNAS 2023,10.1073/pnas.2214357120,2023,cui_pnas_2023_dataset_s01,1_m_lifsi_in_tetraglyme,1 M LiFSI in tetraglyme,Cycle,0.1,0.2,30.0,94.0,1.2218487496163568,42.0,1.0,,,4.539401464845507,,,1.0,,,0.04405867195242815,0.5881173439048563,0.07491476388010726,0.6982640237859267,0.011238616070074245,0.0,0.011238616070074245,0.1500187077684767,0.1275414756283282,0.02247723214014849,0.2550829512566564,0.2550829512566564,0.0,"Amanchukwu, C. V. et al. A New Class of Ionically Conducting Fluorinated Ether Electrolytes with High Electrochemical Stability. J. Am. Chem. Soc. 142, 7393–7403 (2020)."
cui2023_027,Kim et al. PNAS 2023,10.1073/pnas.2214357120,2023,cui_pnas_2023_dataset_s01,1_m_lipf6_fec_dmc_1_1_v_0_25wt_12_crown_4,1 M LiPF6 FEC-DMC (1:1 v) 0.25wt% 12-Crown-4,Cycle,1.0,1.0,50.0,94.05,1.2254830342714504,38.0,0.5,0.5,0.0025,6.8549983970430155,5.9392970536646015,0.015464678107690913,1.0,,,0.3338388000015344,0.9983935557446452,0.33437595633571865,1.3582019272459571,0.08670895810289687,0.0462380274540799,0.040470930648816975,0.25931576855316635,0.25931576855316635,0.0,0.2597330151633014,0.2597330151633014,0.0,"Xu, L. et al. Self-leveling electrolyte enabled dendrite-free lithium deposition for safer and stable lithium metal batteries. Chem. Eng. J. 419, 129494 (2021)."
cui2023_028,Kim et al. PNAS 2023,10.1073/pnas.2214357120,2023,cui_pnas_2023_dataset_s01,0_11_m_litfsi_3_9_m_lidfp_dme,0.11 M LiTFSI 3.9 M LiDFP DME,Aurbach,1.0,1.0,12.0,94.3,1.2441251443275083,41.0,1.0,,,9.631602308033731,,,0.11,3.9,,0.2183428133769766,0.7098258951246833,0.30760051848858516,1.0373401151901482,0.04719253586437422,0.0,0.04719253586437422,0.15342150948333172,0.1074562026839885,0.045965306799343214,0.21613963443300802,0.214912405367977,0.0012272290650310082,"Yang, H. et al. Dissolution–Precipitation Dynamics in Ester Electrolyte for High-Stability Lithium Metal Batteries. ACS Energy Lett. 6, 1413–1421 (2021)."
cui2023_029,Kim et al. PNAS 2023,10.1073/pnas.2214357120,2023,cui_pnas_2023_dataset_s01,1_m_lipf6_fec_ec_dec_2_9_9_vol_0_05_m_rbno3_0_05m_18_crown_6,1 M LiPF6 FEC-EC-DEC (2:9:9 vol) 0.05 M RbNO3 0.05M 18-crown-6,Cycle,0.5,1.0,150.0,94.4,1.2518119729938,39.0,0.1,0.45,0.45,1.3709996794086032,6.7452476664168435,3.714128502497249,1.0,0.05,,0.16937279227711274,0.8258647937381958,0.2050853766395144,1.0205136787582363,0.04654384825355682,0.00865711624060047,0.03788673201295635,0.2269486445899482,0.2260014762896243,0.0009471683003239088,0.2748012099688709,0.2748012099688709,0.0,"Gu, S. et al. Nitrate Additives Coordinated with Crown Ether Stabilize Lithium Metal Anodes in Carbonate Electrolyte. Adv. Funct. Mater. 31, 2102128 (2021)."
cui2023_030,Kim et al. PNAS 2023,10.1073/pnas.2214357120,2023,cui_pnas_2023_dataset_s01,0_1m_lidfp_0_4m_lifsi_ec_dmc_3_7_v_v,0.1M LiDFP 0.4M LiFSI EC-DMC (3:7 v/v),Aurbach,0.4,0.8,10.0,94.5,1.2596373105057566,1.0,0.3,0.7,,4.496831777611229,8.315015875130442,,0.1,0.4,,0.026017584845539562,1.0468316527219714,0.024853647458871392,1.1066720978667122,0.006695748163354539,0.0,0.006695748163354539,0.2694070628641078,0.2573547161700696,0.012052346694038171,0.2573547161700696,0.2573547161700696,0.0,"Zheng, H. et al. Lithium Difluorophosphate-Based Dual-Salt Low Concentration Electrolytes for Lithium Metal Batteries. Adv. Energy Mater. 10, 2001440 (2020)."
cui2023_031,Kim et al. PNAS 2023,10.1073/pnas.2214357120,2023,cui_pnas_2023_dataset_s01,2m_litfsi_2m_lidfob_dme,2M LiTFSI 2M LiDFOB DME,Aurbach,0.5,1.0,10.0,94.6,1.2676062401770312,17.0,1.0,,,9.631602308033731,,,2.0,2.0,,0.34389071205067545,0.7579180340380066,0.4537307421206324,1.2737541021140197,0.07763009415190071,0.0,0.07763009415190071,0.17109286840269106,0.09346277425079033,0.07763009415190071,0.22574059557753104,0.18692554850158066,0.038815047075950355,"Jiao, S. et al. Stable cycling of high-voltage lithium metal batteries in ether electrolytes. Nat. Energy 3, 739–746 (2018)."
cui2023_032,Kim et al. PNAS 2023,10.1073/pnas.2214357120,2023,cui_pnas_2023_dataset_s01,1_m_lipf6_fec_dmc_1_1_v_2wt_12_crown_4,1 M LiPF6 FEC-DMC (1:1 v) 2wt% 12-Crown-4,Cycle,1.0,1.0,50.0,94.7,1.2757241303992115,38.0,0.5,0.5,0.02,6.8549983970430155,5.9392970536646015,0.1237174248615273,1.0,,,0.32649583693847495,0.987431122765965,0.3306517582957116,1.3393253165812153,0.08497170447604538,0.04531162742978557,0.0396600770462598,0.2569824667318197,0.2569824667318197,0.0,0.26025356179980175,0.26025356179980175,0.0,"Xu, L. et al. Self-leveling electrolyte enabled dendrite-free lithium deposition for safer and stable lithium metal batteries. Chem. Eng. J. 419, 129494 (2021)."
cui2023_033,Kim et al. PNAS 2023,10.1073/pnas.2214357120,2023,cui_pnas_2023_dataset_s01,2_2_m_litfsi_0_8_m_lidfp_dme,2.2 M LiTFSI 0.8 M LiDFP DME,Aurbach,1.0,1.0,12.0,94.9,1.2924298239020642,41.0,1.0,,,9.631602308033731,,,2.2,0.8,,0.34477610088385047,0.691024596435647,0.49893462933480176,1.2081887477614226,0.07624714168114882,0.0,0.07624714168114882,0.15281990304582457,0.09924083051312538,0.05357907253269917,0.2211497301747004,0.19848166102625076,0.02266806914844965,"Yang, H. et al. Dissolution–Precipitation Dynamics in Ester Electrolyte for High-Stability Lithium Metal Batteries. ACS Energy Lett. 6, 1413–1421 (2021)."
cui2023_034,Kim et al. PNAS 2023,10.1073/pnas.2214357120,2023,cui_pnas_2023_dataset_s01,1_m_lipf6_ec_dec_1_1_vol_5_vol_fec,1 M LiPF6-EC/DEC (1:1 vol.) + 5 vol% FEC,Cycle,0.5,0.5,100.0,95.0,1.3010299956639817,15.0,0.5,0.5,0.05,7.494719629352049,4.126809447219165,0.6854998397043016,1.0,,,0.14799210630166101,0.817295568904966,0.18107538072174392,0.9874239566889411,0.04074418396051011,0.00417771778378318,0.03656646617672694,0.22501227830149448,0.22501227830149448,0.0,0.2753132243246734,0.2753132243246734,0.0,"Zhang, X.-Q., Cheng, X.-B., Chen, X., Yan, C. & Zhang, Q. Fluoroethylene Carbonate Additives to Render Uniform Li Deposits in Lithium Metal Batteries. Adv. Funct. Mater. 27, 1605989 (2017)."
cui2023_035,Kim et al. PNAS 2023,10.1073/pnas.2214357120,2023,cui_pnas_2023_dataset_s01,0_02m_li2s5_0_15m_lino3_1m_litfsi_dol_dme_1_1_vol,0.02M Li2S5 0.15M LiNO3 1M LiTFSI DOL-DME (1:1 vol),Cycle,0.5,0.5,100.0,95.0,1.3010299956639817,11.0,0.5,0.5,,4.8158011540168655,7.15462080509733,,1.0,0.15,0.02,0.14042620794908087,0.6644697586518395,0.21133573969415154,0.8809601625733392,0.03475366799258471,0.0,0.03475366799258471,0.16444766059390037,0.13867202349940005,0.025775637094500328,0.24748705031746307,0.23590249431993485,0.011584555997528237,"Zhao, C.-Z. et al. Li2S5-based ternary-salt electrolyte for robust lithium metal anode. Energy Storage Mater. 3, 77–84 (2016)."
cui2023_036,Kim et al. PNAS 2023,10.1073/pnas.2214357120,2023,cui_pnas_2023_dataset_s01,1_m_lifsi_in_deg_ftrieg,1 M LiFSI in DEG-FTriEG,Cycle,0.1,0.2,30.0,95.0,1.3010299956639817,42.0,1.0,,,2.4279247463721587,,,1.0,,,0.5514842975206612,0.6029685950413223,0.9146152918343402,1.2316793388429752,0.14204647776692145,0.12878560496239672,0.013260872804524737,0.1553073505714462,0.12878560496239672,0.026521745609049473,0.25757120992479343,0.25757120992479343,0.0,"Amanchukwu, C. V. et al. A New Class of Ionically Conducting Fluorinated Ether Electrolytes with High Electrochemical Stability. J. Am. Chem. Soc. 142, 7393–7403 (2020)."
cui2023_037,Kim et al. PNAS 2023,10.1073/pnas.2214357120,2023,cui_pnas_2023_dataset_s01,1_m_lidfob_ec_dec_3_7_wt,1 M LiDFOB EC-DEC (3:7 wt),Cycle,0.1,0.1,500.0,95.0,1.3010299956639817,37.0,0.2404438964241677,0.7595561035758323,,3.604119180576201,6.269086607859447,,1.0,,,0.045292121133872584,0.7613518910919642,0.05948907681691398,0.829290072792773,0.012587740425648383,0.0,0.012587740425648383,0.2115975083020523,0.1864220274507555,0.025175480851296766,0.27792340280204714,0.2653356623763988,0.012587740425648383,"Schedlbauer, T. et al. Lithium difluoro(oxalato)borate: A promising salt for lithium metal based secondary batteries? Electrochim. Acta 92, 102–107 (2013)."
cui2023_038,Kim et al. PNAS 2023,10.1073/pnas.2214357120,2023,cui_pnas_2023_dataset_s01,1_m_lipf6_fec_emc_dmc_34_6_57_2_8_2_wt,1 M LiPF6 FEC-EMC-DMC (34.6:57.2:8.2 wt) ,Cycle,1.0,1.0,100.0,95.0,1.3010299956639817,43.0,0.27862882974582603,0.6259312142878466,0.09543995596632732,3.8200003625552177,6.048632152209076,1.1336924985453742,1.0,,,0.2514363767088479,0.8451276887732866,0.297512884797102,1.1221685835499347,0.06523452294825938,0.02537636375897499,0.039858159189284384,0.21926621091637108,0.21926621091637108,0.0,0.2594474347830666,0.2594474347830666,0.0,"Huang, K. et al. Regulation of SEI Formation by Anion Receptors to Achieve Ultra-Stable Lithium-Metal Batteries. Angew. Chemie Int. Ed. 60, 19232–19240 (2021)."
cui2023_039,Kim et al. PNAS 2023,10.1073/pnas.2214357120,2023,cui_pnas_2023_dataset_s01,1_m_lipf6_in_ec_dec_0_15m_lidfp,1 M LiPF6 in EC/DEC + 0.15M LiDFP,Aurbach,0.5,1.0,10.0,95.2,1.3187587626244135,14.0,0.42483660130718953,0.5751633986928105,,6.368062430168407,4.747179494840347,,1.0,0.15,,0.14705853255430865,0.7853795332063556,0.18724518062488085,0.9592820836078793,0.03986588478281899,0.0,0.03986588478281899,0.21290740113992376,0.21100902567407526,0.001898375465848523,0.27108855290730266,0.27108855290730266,0.0,"Shi, P. et al. Lithium Difluorophosphate as a Dendrite-Suppressing Additive for Lithium Metal Batteries. ACS Appl. Mater. Interfaces 10, 22201–22209 (2018)."
cui2023_040,Kim et al. PNAS 2023,10.1073/pnas.2214357120,2023,cui_pnas_2023_dataset_s01,1_m_lipf6_fec_dmc_1_1_v_1_75wt_12_crown_4,1 M LiPF6 FEC-DMC (1:1 v) 1.75wt% 12-Crown-4,Cycle,1.0,1.0,50.0,95.35,1.3325470471100462,38.0,0.5,0.5,0.0175,6.8549983970430155,5.9392970536646015,0.10825274675383639,1.0,,,0.32752499229327803,0.9889675660933781,0.331178699405753,1.3419709740330257,0.08521560929040217,0.045441691009710364,0.0397739182806918,0.2573100547931008,0.2573100547931008,0.0,0.2601804787284659,0.2601804787284659,0.0,"Xu, L. et al. Self-leveling electrolyte enabled dendrite-free lithium deposition for safer and stable lithium metal batteries. Chem. Eng. J. 419, 129494 (2021)."
cui2023_041,Kim et al. PNAS 2023,10.1073/pnas.2214357120,2023,cui_pnas_2023_dataset_s01,lifsi_1_4dme_3tfeb,LiFSI-1.4DME-3TFEB,Aurbach,0.5,1.0,10.0,95.4,1.3372421683184266,44.0,,,,,,,,,,1.2288135593220337,0.6694915254237288,1.8354430379746833,2.1525423728813555,0.27001862197392923,0.25139664804469275,0.018621973929236497,0.14711359404096835,0.10986964618249534,0.037243947858472994,0.21973929236499068,0.21973929236499068,0.0,"Cao, X. et al. Effects of fluorinated solvents on electrolyte solvation structures and electrode/electrolyte interphases for lithium metal batteries. Proc. Natl. Acad. Sci. 118, e2020357118 (2021)."
cui2023_042,Kim et al. PNAS 2023,10.1073/pnas.2214357120,2023,cui_pnas_2023_dataset_s01,1_m_lipf6_fec_dmc_1_1_v_1_5wt_12_crown_4,1 M LiPF6 FEC-DMC (1:1 v) 1.5wt% 12-Crown-4,Cycle,1.0,1.0,50.0,95.58,1.354577730650908,38.0,0.5,0.5,0.015,6.8549983970430155,5.9392970536646015,0.09278806864614547,1.0,,,0.32856065621442143,0.9905137261688779,0.3317073227094315,1.3446333631055372,0.08546091835598948,0.0455725034143053,0.03988841494168419,0.2576395289013605,0.2576395289013605,0.0,0.2601069748905571,0.2601069748905571,0.0,"Xu, L. et al. Self-leveling electrolyte enabled dendrite-free lithium deposition for safer and stable lithium metal batteries. Chem. Eng. J. 419, 129494 (2021)."
cui2023_043,Kim et al. PNAS 2023,10.1073/pnas.2214357120,2023,cui_pnas_2023_dataset_s01,3m_litfsi_dme,3M LiTFSI DME,Aurbach,0.5,1.0,10.0,95.7,1.3665315444204142,17.0,1.0,,,9.631602308033731,,,3.0,,,0.40425447078291044,0.7021272353914552,0.5757567153160317,1.3085089415658209,0.08906233528936366,0.0,0.08906233528936366,0.15468744509645455,0.09531255490354544,0.059374890192909105,0.22031255490354545,0.19062510980709088,0.029687445096454552,"Jiao, S. et al. Stable cycling of high-voltage lithium metal batteries in ether electrolytes. Nat. Energy 3, 739–746 (2018)."
cui2023_044,Kim et al. PNAS 2023,10.1073/pnas.2214357120,2023,cui_pnas_2023_dataset_s01,1_m_lipf6_fec_dmc_1_1_v_0_5wt_12_crown_4,1 M LiPF6 FEC-DMC (1:1 v) 0.5wt% 12-Crown-4,Cycle,1.0,1.0,50.0,95.76,1.3726341434072686,38.0,0.5,0.5,0.005,6.8549983970430155,5.9392970536646015,0.030929356215381825,1.0,,,0.3327696482220488,0.9967974010825563,0.3338388000015344,1.355453450682811,0.08645644249999464,0.046103372123938335,0.04035307037605631,0.25897661535926103,0.25897661535926103,0.0,0.25980867835129134,0.25980867835129134,0.0,"Xu, L. et al. Self-leveling electrolyte enabled dendrite-free lithium deposition for safer and stable lithium metal batteries. Chem. Eng. J. 419, 129494 (2021)."
cui2023_045,Kim et al. PNAS 2023,10.1073/pnas.2214357120,2023,cui_pnas_2023_dataset_s01,1_m_lifsi_thf,1 M LiFSI THF,Cycle,1.0,1.0,40.0,95.8,1.3767507096020992,45.0,1.0,,,12.315544213913237,,,1.0,,,0.0405990990990991,0.3311981981981982,0.12258248782743521,0.4326959459459459,0.011757646122638002,0.0,0.011757646122638002,0.09591619758272292,0.07240090533744692,0.023515292245276005,0.2896036213497877,0.2896036213497877,0.0,"Xu, R. et al. Designing and Demystifying the Lithium Metal Interface toward Highly Reversible Batteries. Adv. Mater. 33, 2105962 (2021)."
cui2023_046,Kim et al. PNAS 2023,10.1073/pnas.2214357120,2023,cui_pnas_2023_dataset_s01,6_m_lipf6_ec_dec_1_1_vol,6 M LiPF6 EC-DEC (1:1 vol),Cycle,0.5,1.0,90.0,96.0,1.3979400086720373,46.0,0.5,0.5,,7.494719629352049,4.126809447219165,,6.0,,,0.8349141403597302,0.808581579885922,1.0325663620454022,1.7826480769722737,0.18252822921925416,0.0,0.18252822921925416,0.17677142693055145,0.17677142693055145,0.0,0.21861916141534055,0.21861916141534055,0.0,"Yuan, S. et al. Revisiting the designing criteria of advanced solid electrolyte interphase on lithium metal anode under practical condition. Nano Energy 83, 105847 (2021)."
cui2023_047,Kim et al. PNAS 2023,10.1073/pnas.2214357120,2023,cui_pnas_2023_dataset_s01,1_m_lifsi_fec,1 M LiFSI FEC,Cycle,0.25,0.5,100.0,96.11,1.410050398674293,47.0,1.0,,,13.709996794086031,,,1.0,,,0.38195965153599265,1.0972526364053186,0.3481054762258953,1.5521517652453003,0.10679809801455589,0.09320190198544409,0.013596196029111812,0.3067980980145559,0.2796057059563323,0.027192392058223623,0.2796057059563323,0.2796057059563323,0.0,"Suo, L. et al. Fluorine-donating electrolytes enable highly reversible 5-V-class Li metal batteries. Proc. Natl. Acad. Sci. 115, 1156 LP – 1161 (2018)."
cui2023_048,Kim et al. PNAS 2023,10.1073/pnas.2214357120,2023,cui_pnas_2023_dataset_s01,0_5_m_lifsi_0_5_m_lipo2f2_dme,0.5 M LiFSI+0.5 M LiPO2F2/DME,Cycle,0.5,1.0,170.0,96.4,1.4436974992327136,4.0,1.0,,,9.631602308033731,,,0.5,0.5,,0.051912442396313374,0.5778686635944701,0.08983432684064675,0.6816935483870968,0.012337633890434366,0.0,0.012337633890434366,0.13733763389043438,0.11883118305478281,0.01850645083565155,0.23766236610956562,0.23766236610956562,0.0,"Dong, N. et al. A LiPO2F2/LiFSI dual-salt electrolyte enabled stable cycling of lithium metal batteries. J. Power Sources 400, 449–456 (2018)."
cui2023_049,Kim et al. PNAS 2023,10.1073/pnas.2214357120,2023,cui_pnas_2023_dataset_s01,3_25m_litfsi_sl,3.25M LiTFSI SL,Cycle,0.5,1.0,100.0,96.5,1.4559319556497239,24.0,1.0,,,10.493554910168179,,,3.25,,,0.402275686840317,0.7011378434201585,0.5737469323835261,1.5210283997772744,0.09312173111615787,0.0,0.09312173111615787,0.16230453856947133,0.10022338449203275,0.06208115407743858,0.23148734602278478,0.2004467689840655,0.03104057703871929,"Fu, J. et al. Lithium Nitrate Regulated Sulfone Electrolytes for Lithium Metal Batteries. Angew. Chemie Int. Ed. 59, 22194–22201 (2020)."
cui2023_050,Kim et al. PNAS 2023,10.1073/pnas.2214357120,2023,cui_pnas_2023_dataset_s01,5m_litfsi_1_4_ea_dcm_vol,5M LiTFSI 1-4 (EA-DCM vol),Cycle,0.2,0.5,50.0,96.5,1.4559319556497239,28.0,0.2,0.8,,2.0475801325705985,12.527669194178873,,5.0,,,0.9766264091204666,0.7843989948975665,1.2450633102200785,3.064995447228933,0.17512678087484249,0.0,0.17512678087484249,0.14065692839658644,0.023905741146691473,0.11675118724989499,0.1793180885130464,0.1209424948880989,0.05837559362494749,"Dong, X. et al. High-Energy Rechargeable Metallic Lithium Battery at −70 °C Enabled by a Cosolvent Electrolyte. Angew. Chemie Int. Ed. 58, 5623–5627 (2019)."
cui2023_051,Kim et al. PNAS 2023,10.1073/pnas.2214357120,2023,cui_pnas_2023_dataset_s01,1_m_lipf6_fec_dmc_1_1_v_1_25wt_12_crown_4,1 M LiPF6 FEC-DMC (1:1 v) 1.25wt% 12-Crown-4,Cycle,1.0,1.0,50.0,96.75,1.488116639021126,38.0,0.5,0.5,0.0125,6.8549983970430155,5.9392970536646015,0.07732339053845456,1.0,,,0.3296028906398009,0.9920696954605899,0.33223763627491476,1.3473126430229663,0.08570764383501772,0.045704071129135763,0.04000357270588196,0.25797090539163875,0.25797090539163875,0.0,0.260033046641819,0.260033046641819,0.0,"Xu, L. et al. Self-leveling electrolyte enabled dendrite-free lithium deposition for safer and stable lithium metal batteries. Chem. Eng. J. 419, 129494 (2021)."
cui2023_052,Kim et al. PNAS 2023,10.1073/pnas.2214357120,2023,cui_pnas_2023_dataset_s01,2_m_lifsi_fec,2 M LiFSI FEC,Cycle,0.25,0.5,100.0,96.76,1.4894549897933895,47.0,1.0,,,13.709996794086031,,,2.0,,,0.430585969738652,1.1945052728106373,0.36047222188102634,1.7709701971572673,0.11273074734651053,0.08726925265348943,0.0254614946930211,0.3127307473465105,0.26180775796046835,0.0509229893860422,0.26180775796046835,0.26180775796046835,0.0,"Suo, L. et al. Fluorine-donating electrolytes enable highly reversible 5-V-class Li metal batteries. Proc. Natl. Acad. Sci. 115, 1156 LP – 1161 (2018)."
cui2023_053,Kim et al. PNAS 2023,10.1073/pnas.2214357120,2023,cui_pnas_2023_dataset_s01,lifsi_1_2dme_3btfec,LiFSI-1.2DME-3BTFEC,Aurbach,0.5,1.0,10.0,96.8,1.4948500216800937,44.0,,,,,,,,,,1.0101010101010102,0.7777777777777778,1.2987012987012987,1.9393939393939392,0.24038461538461542,0.21634615384615388,0.024038461538461543,0.18509615384615388,0.13701923076923078,0.04807692307692309,0.23798076923076927,0.23798076923076927,0.0,"Cao, X. et al. Effects of fluorinated solvents on electrolyte solvation structures and electrode/electrolyte interphases for lithium metal batteries. Proc. Natl. Acad. Sci. 118, e2020357118 (2021)."
cui2023_054,Kim et al. PNAS 2023,10.1073/pnas.2214357120,2023,cui_pnas_2023_dataset_s01,1_m_lipf6_fec_dmc_1_1_v_0_75wt_12_crown_4,1 M LiPF6 FEC-DMC (1:1 v) 0.75wt% 12-Crown-4,Cycle,1.0,1.0,50.0,96.82,1.4975728800155665,38.0,0.5,0.5,0.0075,6.8549983970430155,5.9392970536646015,0.046394034323072736,1.0,,,0.3317073227094315,0.9952114374690126,0.33330336672277205,1.3527225224555155,0.08620539338856252,0.04596949880841601,0.04023589458014651,0.2586394318070738,0.2586394318070738,0.0,0.2598839021231877,0.2598839021231877,0.0,"Xu, L. et al. Self-leveling electrolyte enabled dendrite-free lithium deposition for safer and stable lithium metal batteries. Chem. Eng. J. 419, 129494 (2021)."
cui2023_055,Kim et al. PNAS 2023,10.1073/pnas.2214357120,2023,cui_pnas_2023_dataset_s01,1m_lipf6_fec_dec_1_1_w_w,1M LiPF6 FEC-DEC (1:1 w/w),Cycle,1.0,1.0,40.0,97.0,1.5228787452803372,10.0,0.4013997529847674,0.5986002470152326,,5.503189326568085,4.940618308980376,,1.0,,,0.27911785988235177,0.7602378314832817,0.3671454488627218,1.0636200803066806,0.07569729209479412,0.03621400275000612,0.039483289344788,0.20617793936783307,0.20617793936783307,0.0,0.2712018934463762,0.2712018934463762,0.0,"Genovese, M. et al. Combinatorial Methods for Improving Lithium Metal Cycling Efficiency. J. Electrochem. Soc. 165, A3000–A3013 (2018)."
cui2023_056,Kim et al. PNAS 2023,10.1073/pnas.2214357120,2023,cui_pnas_2023_dataset_s01,0_1_m_li2s5_5_lino3_in_1_m_litfsi_in_dol_dme_1_1_vol,0.1 M Li2S5 + 5% LiNO3 in 1 M LiTFSI in DOL/DME (1:1 vol),Cycle,1.0,1.0,230.0,97.0,1.5228787452803372,11.0,0.5,0.5,,4.8158011540168655,7.15462080509733,,1.0,0.1,0.7772999999999999,0.14042620794908087,0.7085144387750688,0.1981980892187037,0.9490481499342501,0.03402515020643805,0.0,0.03402515020643805,0.17167244316312583,0.13576513506443497,0.035907308098690846,0.2422991456037588,0.2309574288682794,0.011341716735479351,"Zhao, C.-Z. et al. Li2S5-based ternary-salt electrolyte for robust lithium metal anode. Energy Storage Mater. 3, 77–84 (2016)."
cui2023_057,Kim et al. PNAS 2023,10.1073/pnas.2214357120,2023,cui_pnas_2023_dataset_s01,3_m_lifnsi_in_dol_dme,3 M LiFNSI in DOL/DME,Cycle,0.5,1.5,180.0,97.0,1.5228787452803372,26.0,0.5,0.5,,4.8158011540168655,7.15462080509733,,3.0,,,0.6032931719274949,0.7227621909726339,0.834704940937257,1.507043314478377,0.13714057053443468,0.0,0.13714057053443468,0.16429826134783027,0.1094420331340564,0.054856228213773874,0.2273199447894904,0.18617777362916002,0.04114217116033041,"Fang, Z. et al. Novel Concentrated Li[(FSO2)(n-C4F9SO2)N]-Based Ether Electrolyte for Superior Stability of Metallic Lithium Anode. ACS Appl. Mater. Interfaces 9, 4282–4289 (2017)."
cui2023_058,Kim et al. PNAS 2023,10.1073/pnas.2214357120,2023,cui_pnas_2023_dataset_s01,0_5_m_litfsi_0_5_m_lino3_dol_dme_1_1_v,0.5 M LiTFSI 0.5 M LiNO3 DOL-DME (1:1 v),Cycle,0.5,0.5,100.0,97.0,1.5228787452803372,48.0,0.5,0.5,,7.15462080509733,4.8158011540168655,,0.5,0.5,,0.07189577924912353,0.6576269522515341,0.10932608373633733,0.7774532510000733,0.018044716903079707,0.0,0.018044716903079707,0.1650540866953426,0.14400191697508294,0.02105216972025966,0.2509843705922373,0.24496946495787741,0.006014905634359902,"May, R., Fritzsching, K. J., Livitz, D., Denny, S. R. & Marbella, L. E. Rapid Interfacial Exchange of Li Ions Dictates High Coulombic Efficiency in Li Metal Anodes. ACS Energy Lett. 6, 1162–1169 (2021)."
cui2023_059,Kim et al. PNAS 2023,10.1073/pnas.2214357120,2023,cui_pnas_2023_dataset_s01,1_m_liclo4_ec_es_1_1_vol,1 M LiClO4 EC-ES (1:1 vol),Cycle,0.5,0.5,450.0,97.0,1.5228787452803372,49.0,0.5,0.5,,7.494719629352049,8.400286108754596,,1.0,,,0.0,0.6741590980192358,0.0,0.9134450965282822,0.0,0.0,0.0,0.18951206208824412,0.16088935779330643,0.028622704294937674,0.2811088104351842,0.2811088104351842,0.0,"Zhang, Y. et al. Solvent Molecule Cooperation Enhancing Lithium Metal Battery Performance at Both Electrodes. Angew. Chemie Int. Ed. 59, 7797–7802 (2020)."
cui2023_060,Kim et al. PNAS 2023,10.1073/pnas.2214357120,2023,cui_pnas_2023_dataset_s01,1_m_lipf6_fec_ec_dec_2_9_9_vol_0_1_m_rbno3_0_1m_18_crown_6,1 M LiPF6 FEC-EC-DEC (2:9:9 vol) 0.1 M RbNO3 0.1M 18-crown-6,Cycle,0.5,1.0,150.0,97.1,1.5376020021010435,39.0,0.1,0.45,0.45,1.3709996794086032,6.7452476664168435,3.714128502497249,1.0,0.1,,0.1670694130164346,0.824833073175744,0.20254936234938992,1.0191014150131614,0.0458632843512063,0.008530531932837416,0.03733275241836888,0.22643015914359624,0.2245635215226778,0.0018666376209184442,0.2745163433757604,0.2745163433757604,0.0,"Gu, S. et al. Nitrate Additives Coordinated with Crown Ether Stabilize Lithium Metal Anodes in Carbonate Electrolyte. Adv. Funct. Mater. 31, 2102128 (2021)."
cui2023_061,Kim et al. PNAS 2023,10.1073/pnas.2214357120,2023,cui_pnas_2023_dataset_s01,3_m_lifsi_fec,3 M LiFSI FEC,Cycle,0.25,0.5,100.0,97.14,1.5436339668709576,47.0,1.0,,,13.709996794086031,,,3.0,,,0.4792122879413113,1.291757909215956,0.37097685605205505,1.9897886290692344,0.11795332480890572,0.08204667519109426,0.03590664961781146,0.3179533248089057,0.24614002557328277,0.07181329923562292,0.24614002557328277,0.24614002557328277,0.0,"Suo, L. et al. Fluorine-donating electrolytes enable highly reversible 5-V-class Li metal batteries. Proc. Natl. Acad. Sci. 115, 1156 LP – 1161 (2018)."
cui2023_062,Kim et al. PNAS 2023,10.1073/pnas.2214357120,2023,cui_pnas_2023_dataset_s01,1_m_lipf6_fec_dmc_1_1_v_0_1wt_12_crown_4,1 M LiPF6 FEC-DMC (1:1 v) 0.1wt% 12-Crown-4,Cycle,1.0,1.0,50.0,97.24,1.5590909179347812,38.0,0.5,0.5,0.01,6.8549983970430155,5.9392970536646015,0.06185871243076365,1.0,,,0.33065175829571153,0.9936355676136543,0.33276964822204874,1.3500089750362743,0.08595579803055307,0.04583640071487928,0.04011939731567379,0.25830420078815886,0.25830420078815886,0.0,0.25995869029578933,0.25995869029578933,0.0,"Xu, L. et al. Self-leveling electrolyte enabled dendrite-free lithium deposition for safer and stable lithium metal batteries. Chem. Eng. J. 419, 129494 (2021)."
cui2023_063,Kim et al. PNAS 2023,10.1073/pnas.2214357120,2023,cui_pnas_2023_dataset_s01,1m_lifsi_dme,1M LiFSI DME,Aurbach,0.5,1.0,10.0,97.25,1.5606673061697378,5.0,1.0,,,9.631602308033731,,,1.0,,,0.051912442396313374,0.6038248847926267,0.08597267801266888,0.7336059907834102,0.012187271792929978,0.0,0.012187271792929978,0.1417574987152787,0.11738295512941876,0.024374543585859956,0.23476591025883753,0.23476591025883753,0.0,"Kim, S. C. et al. Potentiometric Measurement to Probe Solvation Energy and Its Correlation to Lithium Battery Cyclability. J. Am. Chem. Soc. 143, 10301–10308 (2021)."
cui2023_064,Kim et al. PNAS 2023,10.1073/pnas.2214357120,2023,cui_pnas_2023_dataset_s01,3_2m_lifsi_tep,3.2M LiFSI TEP,Aurbach,0.5,1.0,10.0,97.3,1.5686362358410122,13.0,1.0,,,5.885162473305408,,,3.2,,,0.18124676616915422,1.029160199004975,0.17611132488837924,1.6489437810945273,0.03459193488505469,0.0,0.03459193488505469,0.19642084293545195,0.12723697316534255,0.06918386977010937,0.19085545974801385,0.19085545974801385,0.0,"Chen, S. et al. High-Efficiency Lithium Metal Batteries with Fire-Retardant Electrolytes. Joule 2, 1548–1558 (2018)."
cui2023_065,Kim et al. PNAS 2023,10.1073/pnas.2214357120,2023,cui_pnas_2023_dataset_s01,1_m_litfsi_in_dol_dme_with_5wt_tms_fnfsi,1 M LiTFSI in DOL/DME with 5wt% TMS-FNFSI,Cycle,0.5,1.0,110.0,97.3,1.5686362358410122,16.0,0.5,0.5,,4.8158011540168655,7.15462080509733,,1.0,0.10970577457511774,,0.16316947993070877,0.6524810243323692,0.25007544104085916,0.8921907216039592,0.040468143850165256,0.0,0.040468143850165256,0.1618237427942925,0.1365131228018034,0.025310619992489142,0.24801294866754722,0.23222987134451326,0.015783077323033995,"Tong, B. et al. (CH3)3Si-N[(FSO2)(n-C4F9SO2)]: An additive for dendrite-free lithium metal anode. J. Power Sources 400, 225–231 (2018)."
cui2023_066,Kim et al. PNAS 2023,10.1073/pnas.2214357120,2023,cui_pnas_2023_dataset_s01,lifsi_sl_1_3_molar,LiFSI SL (1:3 molar),Cycle,1.0,0.5,350.0,97.3,1.5686362358410122,50.0,,,,,,,,,,0.16666666666666666,0.8333333333333334,0.19999999999999998,1.5,0.03636363636363636,0.0,0.03636363636363636,0.18181818181818182,0.10909090909090909,0.07272727272727272,0.21818181818181817,0.21818181818181817,0.0,"Maeyoshi, Y. et al. Long-Term Stable Lithium Metal Anode in Highly Concentrated Sulfolane-Based Electrolytes with Ultrafine Porous Polyimide Separator. ACS Appl. Mater. Interfaces 11, 25833–25843 (2019)."
cui2023_067,Kim et al. PNAS 2023,10.1073/pnas.2214357120,2023,cui_pnas_2023_dataset_s01,4_m_lifsi_fec,4 M LiFSI FEC,Cycle,0.25,0.5,100.0,97.41,1.5867002359187476,47.0,1.0,,,13.709996794086031,,,4.0,,,0.5278386061439707,1.3890105456212747,0.3800105102210579,2.208607060981201,0.12258611363123303,0.07741388636876695,0.045172227262466086,0.322586113631233,0.23224165910630085,0.09034445452493217,0.23224165910630085,0.23224165910630085,0.0,"Suo, L. et al. Fluorine-donating electrolytes enable highly reversible 5-V-class Li metal batteries. Proc. Natl. Acad. Sci. 115, 1156 LP – 1161 (2018)."
cui2023_068,Kim et al. PNAS 2023,10.1073/pnas.2214357120,2023,cui_pnas_2023_dataset_s01,1m_lifsi_fec_dec_1_2_by_volume,1M LiFSI FEC-DEC (1:2 by volume),Aurbach,0.5,1.0,10.0,97.43,1.5900668766687065,5.0,0.3333,0.6667,,4.569541931468874,5.5026877169220345,,1.0,,,0.15936955197258287,0.830057627162166,0.19199817790656515,1.0622037381254987,0.04245431485505651,0.029529725805188242,0.012924589049868266,0.22111832163176398,0.19526914353202746,0.025849178099736532,0.26638912094300254,0.26638912094300254,0.0,"Kim, S. C. et al. Potentiometric Measurement to Probe Solvation Energy and Its Correlation to Lithium Battery Cyclability. J. Am. Chem. Soc. 143, 10301–10308 (2021)."
cui2023_069,Kim et al. PNAS 2023,10.1073/pnas.2214357120,2023,cui_pnas_2023_dataset_s01,1_m_lifsi_ec_etfec_3_7_vol,1 M LiFSI/EC-ETFEC (3:7 vol),Aurbach,0.25,0.5,10.0,97.5,1.602059991327962,51.0,0.3,0.7,,4.496831777611229,5.096277875262919,,1.0,,,0.4436232364643726,0.8411019688490406,0.527430980896911,1.3617037764651383,0.1178505665871238,0.10421742404691994,0.013633142540203858,0.22344263203256595,0.19617634695215821,0.027266285080407716,0.2656546296501049,0.2656546296501049,0.0,"Chen, S. et al. High-Efficiency Lithium Metal Anode Enabled by a Concentrated/Fluorinated Ester Electrolyte. ACS Appl. Mater. Interfaces 12, 27794–27802 (2020)."
cui2023_070,Kim et al. PNAS 2023,10.1073/pnas.2214357120,2023,cui_pnas_2023_dataset_s01,5_m_lifsi_pc,5 M LiFSI PC,Cycle,0.5,1.0,100.0,97.5,1.602059991327962,52.0,1.0,,,11.754564689287674,,,5.0,,,0.2126833333333333,1.1753666666666667,0.18095062533677433,1.7070749999999997,0.04930739359749619,0.0,0.04930739359749619,0.2724908715055737,0.17387608431058132,0.09861478719499238,0.23183477908077513,0.23183477908077513,0.0,"Fan, X. et al. Highly Fluorinated Interphases Enable High-Voltage Li-Metal Batteries. Chem 4, 174–185 (2018)."
cui2023_071,Kim et al. PNAS 2023,10.1073/pnas.2214357120,2023,cui_pnas_2023_dataset_s01,1_m_lifsi_1_4_dioxolane,"1 M LiFSI 1,4-Dioxolane",Cycle,1.0,1.0,40.0,97.5,1.602059991327962,45.0,1.0,,,10.37892881621463,,,1.0,,,0.038539622641509425,0.4770792452830188,0.08078243399300775,0.5734283018867924,0.01072720875150331,0.0,0.01072720875150331,0.1327913535315341,0.11133693602852747,0.02145441750300662,0.2783423400713187,0.2783423400713187,0.0,"Xu, R. et al. Designing and Demystifying the Lithium Metal Interface toward Highly Reversible Batteries. Adv. Mater. 33, 2105962 (2021)."
cui2023_072,Kim et al. PNAS 2023,10.1073/pnas.2214357120,2023,cui_pnas_2023_dataset_s01,1m_lipf6_fec_tfec_1_1_w_w,1M LiPF6 FEC-TFEC (1:1 w/w),Cycle,1.0,1.0,40.0,97.6,1.6197887582883936,10.0,0.50944669365722,0.49055330634278005,,6.9845125367982135,3.2764018921347033,,1.0,,,0.8743121890639685,0.8244888772676571,1.060429331638075,1.7255851924111631,0.23858235738055106,0.1947292347520632,0.04385312262848784,0.22498656936620773,0.22498656936620773,0.0,0.2728800540182053,0.2728800540182053,0.0,"Genovese, M. et al. Combinatorial Methods for Improving Lithium Metal Cycling Efficiency. J. Electrochem. Soc. 165, A3000–A3013 (2018)."
cui2023_073,Kim et al. PNAS 2023,10.1073/pnas.2214357120,2023,cui_pnas_2023_dataset_s01,1_m_lipf6_mtfp_fec_9_1_vol,1 M LiPF6 MTFP-FEC (9:1 vol),Aurbach,0.5,1.0,10.0,97.6,1.6197887582883936,53.0,0.9,0.1,,7.86106418918919,1.3709996794086032,,1.0,,,0.8705450281498964,0.5578362832882928,1.5605744090690385,1.4565049665865462,0.2349198710549498,0.18938422227809015,0.04553564877685964,0.15053423258112464,0.15053423258112464,0.0,0.26985378522488057,0.26985378522488057,0.0,"Holoubek, J. et al. An All-Fluorinated Ester Electrolyte for Stable High-Voltage Li Metal Batteries Capable of Ultra-Low-Temperature Operation. ACS Energy Lett. 5, 1438–1447 (2020)."
cui2023_074,Kim et al. PNAS 2023,10.1073/pnas.2214357120,2023,cui_pnas_2023_dataset_s01,5_m_lifsi_fec,5 M LiFSI FEC,Cycle,0.25,0.5,100.0,97.65,1.6289321377282644,47.0,1.0,,,13.709996794086031,,,5.0,,,0.57646492434663,1.4862631820265932,0.3878619421632928,2.4274254928931684,0.12672368175701895,0.07327631824298105,0.05344736351403791,0.32672368175701894,0.21982895472894312,0.10689472702807581,0.21982895472894312,0.21982895472894312,0.0,"Suo, L. et al. Fluorine-donating electrolytes enable highly reversible 5-V-class Li metal batteries. Proc. Natl. Acad. Sci. 115, 1156 LP – 1161 (2018)."
cui2023_075,Kim et al. PNAS 2023,10.1073/pnas.2214357120,2023,cui_pnas_2023_dataset_s01,6_m_lifsi_fec,6 M LiFSI FEC,Cycle,0.25,0.5,100.0,97.67,1.6326440789739813,47.0,1.0,,,13.709996794086031,,,6.0,,,0.6250912425492894,1.5835158184319118,0.39474897268048165,2.6462439248051353,0.13044140525583595,0.06955859474416407,0.06088281051167188,0.33044140525583593,0.2086757842324922,0.12176562102334376,0.2086757842324922,0.2086757842324922,0.0,"Suo, L. et al. Fluorine-donating electrolytes enable highly reversible 5-V-class Li metal batteries. Proc. Natl. Acad. Sci. 115, 1156 LP – 1161 (2018)."
cui2023_076,Kim et al. PNAS 2023,10.1073/pnas.2214357120,2023,cui_pnas_2023_dataset_s01,1m_lifsi_dmb,1M LiFSI DMB,Aurbach,0.5,1.0,10.0,97.7,1.638272163982409,3.0,1.0,,,7.243678705615543,,,1.0,,,0.0460171339563863,0.425367601246106,0.10818203789282496,0.5404104361370717,0.011809098958114736,0.0,0.011809098958114736,0.10915951657163189,0.0855413186554024,0.02361819791622947,0.2566239559662072,0.2566239559662072,0.0,"Yu, Z. et al. Molecular design for electrolyte solvents enabling energy-dense and long-cycling lithium metal batteries. Nat. Energy 1–8 (2020) doi:10.1038/s41560-020-0634-5."
cui2023_077,Kim et al. PNAS 2023,10.1073/pnas.2214357120,2023,cui_pnas_2023_dataset_s01,1_m_lipf6_ec_dmc_1_1_v_0_5_m_lino3_tegdme_70,"1 M LiPF6 EC-DMC (1:1 v), 0.5 M LiNO3 TEGDME, 70%",Cycle,0.5,1.0,80.0,97.7,1.638272163982409,54.0,0.15,0.15,0.7,2.2484158888056145,1.7817891160993804,6.742121615623612,0.3,0.35,,0.06287868455561152,0.6784574410320775,0.09267889296041873,0.7576845835721481,0.015858961899496656,0.0,0.015858961899496656,0.17111729966681513,0.16223628100309703,0.008881018663718127,0.25221523019411424,0.2477747208622552,0.004440509331859063,"Zhang, S. et al. Competitive Solvation Enhanced Stability of Lithium Metal Anode in Dual-Salt Electrolyte. Nano Lett. 21, 3310–3317 (2021)."
cui2023_078,Kim et al. PNAS 2023,10.1073/pnas.2214357120,2023,cui_pnas_2023_dataset_s01,7_m_lifsi_fec,7 M LiFSI FEC,Cycle,0.25,0.5,100.0,97.74,1.645891560852598,47.0,1.0,,,13.709996794086031,,,7.0,,,0.6737175607519487,1.6807684548372306,0.4008390083791721,2.8650623567171025,0.13380010180397,0.06619989819603002,0.06760020360793999,0.33380010180396996,0.19859969458809004,0.13520040721587998,0.19859969458809004,0.19859969458809004,0.0,"Suo, L. et al. Fluorine-donating electrolytes enable highly reversible 5-V-class Li metal batteries. Proc. Natl. Acad. Sci. 115, 1156 LP – 1161 (2018)."
cui2023_079,Kim et al. PNAS 2023,10.1073/pnas.2214357120,2023,cui_pnas_2023_dataset_s01,1m_litfsi_dme_dol_1_1_3_lino3,1M LiTFSI DME-DOL (1:1) 3% LiNO3,Cycle,0.5,1.0,350.0,97.8,1.6575773191777934,12.0,0.5,0.5,,4.8158011540168655,7.15462080509733,,1.0,0.4663763909046928,,0.14042620794908087,0.6866835270815207,0.20449916506066113,0.9082380836804292,0.03446581703253802,0.0,0.03446581703253802,0.16853769071533534,0.13752345768170168,0.031014233033633626,0.24543721243997035,0.23394860676245768,0.011488605677512672,"Qiu, F. et al. A Concentrated Ternary-Salts Electrolyte for High Reversible Li Metal Battery with Slight Excess Li. Adv. Energy Mater. 9, 1803372 (2019)."
cui2023_080,Kim et al. PNAS 2023,10.1073/pnas.2214357120,2023,cui_pnas_2023_dataset_s01,1_m_lifsi_fsa,1 M LiFSI FSA,Cycle,0.5,0.5,200.0,97.87,1.6716203965612626,55.0,1.0,,,11.64043635906027,,,1.0,,,0.5859074324324325,1.171814864864865,0.5,2.8865834459459463,0.08455217408050049,0.07215489119968721,0.012397282880813286,0.16910434816100098,0.14430978239937442,0.024794565761626572,0.14430978239937442,0.14430978239937442,0.0,"Xue, W. et al. FSI-inspired solvent and “full fluorosulfonyl” electrolyte for 4 V class lithium-metal batteries. Energy Environ. Sci. 13, 212–220 (2020)."
cui2023_081,Kim et al. PNAS 2023,10.1073/pnas.2214357120,2023,cui_pnas_2023_dataset_s01,4_6_m_lifsi_2_3_m_litfsi_dme,4.6 M LiFSI 2.3 M LiTFSI DME,Cycle,0.5,0.5,200.0,97.9,1.6777807052660827,56.0,1.0,,,9.631602308033731,,,4.6,2.3,,0.4839280668701304,1.1828566046614724,0.40911811707609996,2.10231993171472,0.0957528778904736,0.0,0.0957528778904736,0.23404702430389468,0.11914357083532635,0.11490345346856831,0.19786593183108425,0.17871535625298954,0.019150575578094717,"Alvarado, J. et al. Bisalt ether electrolytes: a pathway towards lithium metal batteries with Ni-rich cathodes. Energy Environ. Sci. 12, 780–794 (2019)."
cui2023_082,Kim et al. PNAS 2023,10.1073/pnas.2214357120,2023,cui_pnas_2023_dataset_s01,1_m_lipf6_ec_dmc_1_1_v_0_5_m_lino3_tegdme_50,"1 M LiPF6 EC-DMC (1:1 v), 0.5 M LiNO3 TEGDME, 50%",Cycle,0.5,1.0,200.0,97.9,1.6777807052660827,54.0,0.25,0.25,0.5,3.7473598146760243,2.9696485268323007,4.8158011540168655,0.5,0.25,,0.07611464253788995,0.7746600050534381,0.09825554700302278,0.8698033082258004,0.019303503975855802,0.0,0.019303503975855802,0.1964622310357902,0.19163635504182625,0.0048258759939639505,0.25361091285748993,0.25361091285748993,0.0,"Zhang, S. et al. Competitive Solvation Enhanced Stability of Lithium Metal Anode in Dual-Salt Electrolyte. Nano Lett. 21, 3310–3317 (2021)."
cui2023_083,Kim et al. PNAS 2023,10.1073/pnas.2214357120,2023,cui_pnas_2023_dataset_s01,1_m_lipf6_fec_emc_dmc_34_6_57_2_8_2_wt_1wt_tmsb,1 M LiPF6 FEC-EMC-DMC (34.6:57.2:8.2 wt) 1wt% TMSB,Cycle,1.0,1.0,100.0,97.9,1.6777807052660827,43.0,0.38637317622829487,0.531554576832353,0.08207224693935221,3.8200003625552177,6.048632152209076,1.1336924985453742,1.0,0.01,,0.2849777805908344,0.8657244408902394,0.32917839341325145,1.1782783259367064,0.0748035501624724,0.03507491882938116,0.03972863133309124,0.2272431959668866,0.2272431959668866,0.0,0.26248906145379064,0.26248906145379064,0.0,"Huang, K. et al. Regulation of SEI Formation by Anion Receptors to Achieve Ultra-Stable Lithium-Metal Batteries. Angew. Chemie Int. Ed. 60, 19232–19240 (2021)."
cui2023_084,Kim et al. PNAS 2023,10.1073/pnas.2214357120,2023,cui_pnas_2023_dataset_s01,lifsi_sl_1_2_5_molar,LiFSI SL (1:2.5 molar),Cycle,1.0,0.5,450.0,98.0,1.6989700043360185,50.0,,,,,,,,,,0.2,0.9,0.2222222222222222,1.65,0.042105263157894736,0.0,0.042105263157894736,0.18947368421052632,0.10526315789473684,0.08421052631578947,0.21052631578947367,0.21052631578947367,0.0,"Maeyoshi, Y. et al. Long-Term Stable Lithium Metal Anode in Highly Concentrated Sulfolane-Based Electrolytes with Ultrafine Porous Polyimide Separator. ACS Appl. Mater. Interfaces 11, 25833–25843 (2019)."
cui2023_085,Kim et al. PNAS 2023,10.1073/pnas.2214357120,2023,cui_pnas_2023_dataset_s01,1m_lifsi_fec_femc_d2_234_280_793_by_mol,1M LiFSI FEC-FEMC-D2 (234:280:793 by mol),Aurbach,0.5,1.0,10.0,98.16,1.7351821769904643,5.0,0.1,0.2,0.7,1.3709996794086032,1.6447368421052635,5.2028350927703135,1.0,,,1.4196949090002846,0.5793060510185924,2.450681995301168,2.0942291189461195,0.35377148262108205,0.33795164848752174,0.015819834133560296,0.14435633970437137,0.11271667143725077,0.03163966826712059,0.24918838574282098,0.24918838574282098,0.0,"Kim, S. C. et al. Potentiometric Measurement to Probe Solvation Energy and Its Correlation to Lithium Battery Cyclability. J. Am. Chem. Soc. 143, 10301–10308 (2021)."
cui2023_086,Kim et al. PNAS 2023,10.1073/pnas.2214357120,2023,cui_pnas_2023_dataset_s01,1_lifsi_3_tms,1 LiFSI - 3 TMS,Cycle,0.5,1.0,150.0,98.2,1.7447274948966962,57.0,,,,,,,,,,0.16666666666666666,0.8333333333333334,0.19999999999999998,1.5,0.03636363636363636,0.0,0.03636363636363636,0.18181818181818182,0.10909090909090909,0.07272727272727272,0.21818181818181817,0.21818181818181817,0.0,"Ren, X. et al. Localized High-Concentration Sulfone Electrolytes for High-Efficiency Lithium-Metal Batteries. Chem 4, 1877–1892 (2018)."
cui2023_087,Kim et al. PNAS 2023,10.1073/pnas.2214357120,2023,cui_pnas_2023_dataset_s01,1_2m_lifsi_dmc_btfe_1_2_mol,1.2M LiFSI DMC-BTFE (1:2 mol),Cycle,0.5,1.0,60.0,98.2,1.7447274948966962,58.0,0.24227544535700013,0.7577245546429999,,2.87789167756822,5.842992193850629,,1.2,,,1.1703546220687335,0.6022896256088567,1.9431757950099475,1.8851244096635242,0.2791628377048557,0.2612763608977995,0.017886476807056215,0.14366319219380078,0.10789023857968835,0.03577295361411243,0.23852841902858807,0.23852841902858807,0.0,"Yu, L. et al. A Localized High-Concentration Electrolyte with Optimized Solvents and Lithium Difluoro(oxalate)borate Additive for Stable Lithium Metal Batteries. ACS Energy Lett. 3, 2059–2067 (2018)."
cui2023_088,Kim et al. PNAS 2023,10.1073/pnas.2214357120,2023,cui_pnas_2023_dataset_s01,4_6_m_lifsi_dme,4.6 M LiFSI DME,Cycle,0.5,0.5,200.0,98.2,1.7447274948966962,56.0,1.0,,,9.631602308033731,,,4.6,,,0.2387972350230415,0.977594470046083,0.24427023918392743,1.5745875576036867,0.045975716332696016,0.0,0.045975716332696016,0.18821660995745707,0.09626517729206502,0.09195143266539203,0.19253035458413004,0.19253035458413004,0.0,"Alvarado, J. et al. Bisalt ether electrolytes: a pathway towards lithium metal batteries with Ni-rich cathodes. Energy Environ. Sci. 12, 780–794 (2019)."
cui2023_089,Kim et al. PNAS 2023,10.1073/pnas.2214357120,2023,cui_pnas_2023_dataset_s01,1_m_lifsi_methf,1 M LiFSI MeTHF,Cycle,1.0,1.0,40.0,98.2,1.7447274948966962,45.0,1.0,,,9.91524439800302,,,1.0,,,0.040341920374707255,0.2806838407494145,0.14372726362513766,0.3815386416861826,0.011859307553028163,0.0,0.011859307553028163,0.08251258149573502,0.0587939663896787,0.023718615106056325,0.2939698319483935,0.2939698319483935,0.0,"Xu, R. et al. Designing and Demystifying the Lithium Metal Interface toward Highly Reversible Batteries. Adv. Mater. 33, 2105962 (2021)."
cui2023_090,Kim et al. PNAS 2023,10.1073/pnas.2214357120,2023,cui_pnas_2023_dataset_s01,lifsi_dmc_1_1_5_mol,LiFSI DMC (1:1.5 mol),Cycle,1.0,1.0,200.0,98.3,1.7695510786217257,25.0,,,,,,,,,,0.4444444444444444,1.8888888888888888,0.23529411764705882,3.0,0.07142857142857142,0.0,0.07142857142857142,0.30357142857142855,0.16071428571428573,0.14285714285714285,0.16071428571428573,0.16071428571428573,0.0,"Piao, N. et al. Countersolvent Electrolytes for Lithium-Metal Batteries. Adv. Energy Mater. 10, 1903568 (2020)."
cui2023_091,Kim et al. PNAS 2023,10.1073/pnas.2214357120,2023,cui_pnas_2023_dataset_s01,0_4m_litfsi_0_6m_lino3_dol_dme_1_1_vol,0.4M LiTFSI 0.6M LiNO3 DOL-DME (1:1 vol),Cycle,0.5,1.0,250.0,98.34,1.7798919119599463,6.0,0.5,0.5,,4.8158011540168655,7.15462080509733,,0.4,0.6,,0.05779363127638231,0.658386105081338,0.08778075787192137,0.7595249598150071,0.014531922479101156,0.0,0.014531922479101156,0.16554792680537467,0.14496103662664803,0.020586890178726634,0.2514450495350637,0.2466010753753633,0.004843974159700385,"Chu, H. et al. Unraveling the Dual Functionality of High-Donor-Number Anion in Lean-Electrolyte Lithium-Sulfur Batteries. Adv. Energy Mater. 10, 2000493 (2020)."
cui2023_092,Kim et al. PNAS 2023,10.1073/pnas.2214357120,2023,cui_pnas_2023_dataset_s01,1_m_lifsi_dmethf,1 M LiFSI DMeTHF,Cycle,1.0,1.0,40.0,98.4,1.7958800173440779,45.0,1.0,,,8.317025440313111,,,1.0,,,0.04007843137254902,0.2468235294117647,0.16237686685732447,0.3470196078431372,0.01190309806662008,0.0,0.01190309806662008,0.07330538085255066,0.0494991847193105,0.02380619613324016,0.29699510831586307,0.29699510831586307,0.0,"Xu, R. et al. Designing and Demystifying the Lithium Metal Interface toward Highly Reversible Batteries. Adv. Mater. 33, 2105962 (2021)."
cui2023_093,Kim et al. PNAS 2023,10.1073/pnas.2214357120,2023,cui_pnas_2023_dataset_s01,1_2m_lifsi_0_15m_lidfob_ec_emc_btfe_0_175_0_825_2_mol,1.2M LiFSI 0.15M LiDFOB EC-EMC-BTFE (0.175:0.825:2 mol),Cycle,0.5,1.0,200.0,98.5,1.8239087409443184,58.0,0.032756874309242234,0.23953731478529433,0.7277058109054634,0.4910071777633912,2.3147481237417016,5.611510603010185,1.2,0.15,,1.0863552871690443,0.5803436212664645,1.8719173389005763,1.7787125794407979,0.26487994634146345,0.24521554522757857,0.01966440111388489,0.14150194607259423,0.10217314384482443,0.03932880222776978,0.24382441865010807,0.24163948519300976,0.002184933457098321,"Yu, L. et al. A Localized High-Concentration Electrolyte with Optimized Solvents and Lithium Difluoro(oxalate)borate Additive for Stable Lithium Metal Batteries. ACS Energy Lett. 3, 2059–2067 (2018)."
cui2023_094,Kim et al. PNAS 2023,10.1073/pnas.2214357120,2023,cui_pnas_2023_dataset_s01,3_25m_litfsi_0_1m_lino3_sl,3.25M LiTFSI 0.1M LiNO3 SL,Cycle,0.5,1.0,100.0,98.5,1.8239087409443184,24.0,1.0,,,10.493554910168179,,,3.25,0.1,,0.402275686840317,0.7073267001407787,0.5687268510580081,1.5292802087381012,0.0928999105906518,0.0,0.0928999105906518,0.16334715060108237,0.09998464748027885,0.06336250312080353,0.23093593182410832,0.1999692949605577,0.030966636863550598,"Fu, J. et al. Lithium Nitrate Regulated Sulfone Electrolytes for Lithium Metal Batteries. Angew. Chemie Int. Ed. 59, 22194–22201 (2020)."
cui2023_095,Kim et al. PNAS 2023,10.1073/pnas.2214357120,2023,cui_pnas_2023_dataset_s01,3_m_litfsi_3wt_lino3_dol_dme_1_1_v,3 M LiTFSI 3wt% LiNO3 DOL-DME (1:1 v),Cycle,0.5,1.0,350.0,98.5,1.8239087409443184,12.0,0.5,0.5,,7.15462080509733,4.8158011540168655,,3.0,0.4663763909046928,,0.3852157035218976,0.7991080002064516,0.4820571229700819,1.386912417129762,0.08734237703799538,0.0,0.08734237703799538,0.18118677823876103,0.11616945645076127,0.0650173217879998,0.22673628369626006,0.19762215801692826,0.029114125679331797,"Qiu, F. et al. A Concentrated Ternary-Salts Electrolyte for High Reversible Li Metal Battery with Slight Excess Li. Adv. Energy Mater. 9, 1803372 (2019)."
cui2023_096,Kim et al. PNAS 2023,10.1073/pnas.2214357120,2023,cui_pnas_2023_dataset_s01,1_m_litfsi_dol_dme_1_1_vol_2wt_lino3,1 M LiTFSI DOL-DME (1:1 vol) 2wt% LiNO3,Cycle,0.5,1.0,150.0,98.5,1.8239087409443184,46.0,0.5,0.5,,7.15462080509733,4.8158011540168655,,1.0,0.31091759393646184,,0.14042620794908087,0.6757682824062332,0.20780230680413123,0.8936844241133793,0.03462039752444133,0.0,0.03462039752444133,0.1666025659526175,0.13814025558661172,0.02846231036600579,0.2465380076131859,0.2349978751050388,0.01154013250814711,"Yuan, S. et al. Revisiting the designing criteria of advanced solid electrolyte interphase on lithium metal anode under practical condition. Nano Energy 83, 105847 (2021)."
cui2023_097,Kim et al. PNAS 2023,10.1073/pnas.2214357120,2023,cui_pnas_2023_dataset_s01,lifsi_dmc_tte_1_1_5_1_5_mol,LiFSI DMC-TTE (1:1.5:1.5 mol),Aurbach,0.5,1.0,10.0,98.6,1.8538719643217616,25.0,,,,,,,,,,1.1666666666666667,0.8333333333333334,1.4,2.25,0.2545454545454545,0.21818181818181817,0.03636363636363636,0.18181818181818182,0.10909090909090909,0.07272727272727272,0.21818181818181817,0.21818181818181817,0.0,"Piao, N. et al. Countersolvent Electrolytes for Lithium-Metal Batteries. Adv. Energy Mater. 10, 1903568 (2020)."
cui2023_098,Kim et al. PNAS 2023,10.1073/pnas.2214357120,2023,cui_pnas_2023_dataset_s01,2m_lifsi_1m_litfsi_dol_dme_1_1_vol,2M LiFSI 1M LiTFSI DOL-DME (1:1 vol),Cycle,0.5,0.8,200.0,98.6,1.8538719643217616,20.0,0.5,0.5,,7.15462080509733,4.8158011540168655,,2.0,1.0,,0.23404367991513478,0.8411727369877664,0.278234980312419,1.2858557288265224,0.05215024663022011,0.0,0.05215024663022011,0.1874323874433857,0.12485209148712155,0.06258029595626413,0.2228227083471342,0.21239265902109017,0.010430049326044022,"Liu, P. et al. Concentrated dual-salt electrolytes for improving the cycling stability of lithium metal anodes. Chinese Phys. B 25, 78203 (2016)."
cui2023_099,Kim et al. PNAS 2023,10.1073/pnas.2214357120,2023,cui_pnas_2023_dataset_s01,lifsi_an_vc_0_52_1_0_09_molar,LiFSI-AN-VC (0.52:1:0.09 molar),Aurbach,1.0,1.0,10.0,98.6,1.8538719643217616,59.0,,,,,,,,,,0.4581497797356828,1.0352422907488987,0.4425531914893617,2.6211453744493394,0.08724832214765102,0.0,0.08724832214765102,0.19714765100671144,0.0226510067114094,0.17449664429530204,0.1904362416107383,0.1904362416107383,0.0,"Peng, Z. et al. High-Power Lithium Metal Batteries Enabled by High-Concentration Acetonitrile-Based Electrolytes with Vinylene Carbonate Additive. Adv. Funct. Mater. 30, 2001285 (2020)."
cui2023_100,Kim et al. PNAS 2023,10.1073/pnas.2214357120,2023,cui_pnas_2023_dataset_s01,1m_lifsi_2m_litfsi_dol_dme_1_1_vol,1M LiFSI 2M LiTFSI DOL-DME (1:1 vol),Cycle,0.5,1.0,200.0,98.7,1.8860566476931666,20.0,0.5,0.5,,7.15462080509733,4.8158011540168655,,1.0,2.0,,0.3130095695786221,0.8035591489383646,0.38952897243738666,1.3177891561032438,0.070795154424239,0.0,0.070795154424239,0.1817455425234607,0.1210639815883987,0.060681560935062,0.22617568695917012,0.2059484999808161,0.020227186978354,"Liu, P. et al. Concentrated dual-salt electrolytes for improving the cycling stability of lithium metal anodes. Chinese Phys. B 25, 78203 (2016)."
cui2023_101,Kim et al. PNAS 2023,10.1073/pnas.2214357120,2023,cui_pnas_2023_dataset_s01,6_m_lifsi_dmc,6 M LiFSI DMC,Cycle,0.5,1.0,200.0,98.7,1.8860566476931666,52.0,1.0,,,11.878594107329203,,,6.0,,,0.3367401869158879,1.6734803738317758,0.20122147363153853,2.5153308411214956,0.059246640664566336,0.0,0.059246640664566336,0.29443498049842476,0.1759416991692921,0.11849328132913267,0.1759416991692921,0.1759416991692921,0.0,"Fan, X. et al. Highly Fluorinated Interphases Enable High-Voltage Li-Metal Batteries. Chem 4, 174–185 (2018)."
cui2023_102,Kim et al. PNAS 2023,10.1073/pnas.2214357120,2023,cui_pnas_2023_dataset_s01,3_m_lifsi_dol_dme_1_1_vol,3 M LiFSI DOL-DME (1:1 vol),Cycle,1.0,1.62,100.0,98.75,1.903089986991945,60.0,0.5,0.5,,7.15462080509733,4.8158011540168655,,3.0,,,0.3852157035218976,0.7691654152850591,0.5008229645623543,1.3469889705679055,0.08834197687612674,0.0,0.08834197687612674,0.1763936223518118,0.11749897110106065,0.05889465125075116,0.22933119306519895,0.19988386743982337,0.02944732562537558,"Beyene, T. T. et al. Effects of Concentrated Salt and Resting Protocol on Solid Electrolyte Interface Formation for Improved Cycle Stability of Anode-Free Lithium Metal Batteries. ACS Appl. Mater. Interfaces 11, 31962–31971 (2019)."
cui2023_103,Kim et al. PNAS 2023,10.1073/pnas.2214357120,2023,cui_pnas_2023_dataset_s01,1_lifsi_3_tms_3_tte,1 LiFSI - 3 TMS- 3 TTE,Cycle,0.5,1.0,150.0,98.8,1.920818753952375,57.0,,,,,,,,,,0.9629629629629629,0.48148148148148145,2.0,1.6666666666666667,0.23853211009174313,0.22018348623853212,0.01834862385321101,0.11926605504587157,0.08256880733944955,0.03669724770642202,0.24770642201834864,0.24770642201834864,0.0,"Ren, X. et al. Localized High-Concentration Sulfone Electrolytes for High-Efficiency Lithium-Metal Batteries. Chem 4, 1877–1892 (2018)."
cui2023_104,Kim et al. PNAS 2023,10.1073/pnas.2214357120,2023,cui_pnas_2023_dataset_s01,1m_lifsi_0_3_m_lino3_fec_gbl_1_2_v_v,1M LiFSI+0.3 M LiNO3-FEC/GBL (1:2 v/v),Cycle,0.5,1.0,200.0,98.8,1.920818753952375,9.0,0.333,0.667,,4.565428932430649,8.752011894805316,,1.0,0.3,,0.13480173821237373,0.7412135090036525,0.18186627277419126,0.9437710238269753,0.04048275007321517,0.02815065403201176,0.012332096041203411,0.2225962486374774,0.19238261333652906,0.03021363530094836,0.30031326457702284,0.30031326457702284,0.0,"Jie, Y. et al. Enabling High-Voltage Lithium Metal Batteries by Manipulating Solvation Structure in Ester Electrolyte. Angew. Chemie Int. Ed. 59, 3505–3510 (2020)."
cui2023_105,Kim et al. PNAS 2023,10.1073/pnas.2214357120,2023,cui_pnas_2023_dataset_s01,8_m_lifsi_pc,8 M LiFSI PC,Cycle,0.5,1.0,200.0,98.8,1.920818753952375,52.0,1.0,,,11.754564689287674,,,8.0,,,0.3402933333333333,1.4305866666666665,0.23786977836598505,2.2813199999999996,0.06872576475657044,0.0,0.06872576475657044,0.2889218009478673,0.1514702714347264,0.13745152951314088,0.20196036191296857,0.20196036191296857,0.0,"Fan, X. et al. Highly Fluorinated Interphases Enable High-Voltage Li-Metal Batteries. Chem 4, 174–185 (2018)."
cui2023_106,Kim et al. PNAS 2023,10.1073/pnas.2214357120,2023,cui_pnas_2023_dataset_s01,1_m_lifsi_dol_dme_1_1_vol,1 M LiFSI DOL-DME (1:1 vol),Aurbach,0.5,1.0,10.0,98.9,1.9586073148417789,61.0,0.5,0.5,,4.8158011540168655,7.15462080509733,,1.0,,,0.049107390877423586,0.6860509718687625,0.07157979930216839,0.8088194490623214,0.012066099493634309,0.0,0.012066099493634309,0.1685685013267254,0.1444363023394568,0.024132198987268618,0.24570842144214844,0.24570842144214844,0.0,"Holoubek, J. et al. Tailoring electrolyte solvation for Li metal batteries cycled at ultra-low temperature. Nat. Energy 6, 303–313 (2021)."
cui2023_107,Kim et al. PNAS 2023,10.1073/pnas.2214357120,2023,cui_pnas_2023_dataset_s01,1_m_lifsi_dee,1 M LiFSI DEE,Aurbach,0.5,1.0,10.0,98.9,1.9586073148417789,61.0,1.0,,,9.62493254182407,,,1.0,,,0.051948416035884494,0.353896832071769,0.14678971759020873,0.4837678721614802,0.01295555050602157,0.0,0.01295555050602157,0.08825925084336929,0.062348149831326145,0.02591110101204314,0.24939259932530458,0.24939259932530458,0.0,"Holoubek, J. et al. Tailoring electrolyte solvation for Li metal batteries cycled at ultra-low temperature. Nat. Energy 6, 303–313 (2021)."
cui2023_108,Kim et al. PNAS 2023,10.1073/pnas.2214357120,2023,cui_pnas_2023_dataset_s01,0_47m_lifsi_dol_btfe_1_4_w_w,0.47M LiFSI DOL-BTFE (1:4 w/w),Aurbach,0.5,1.0,10.0,98.92,1.9665762445130535,30.0,0.24875974486180014,0.7512402551381998,,3.5595632921178777,5.79299023580799,,0.47,,,1.0545717896269668,0.43698175550247315,2.4133085108195056,1.5332071017335624,0.273024304640727,0.2658350148332331,0.007189289807493978,0.11313278158042632,0.09875420196543837,0.014378579614987955,0.2588958924620047,0.2588958924620047,0.0,"Liu, H. et al. Ultrahigh coulombic efficiency electrolyte enables Li||SPAN batteries with superior cycling performance. Mater. Today 42, 17–28 (2021)."
cui2023_109,Kim et al. PNAS 2023,10.1073/pnas.2214357120,2023,cui_pnas_2023_dataset_s01,1m_lifsi_fdmb,1M LiFSI FDMB,Aurbach,0.5,1.0,10.0,98.98,1.991399828238083,5.0,1.0,,,6.36373198695698,,,1.0,,,0.7190468319559228,0.4380936639118457,1.6413084488266219,1.2357107438016528,0.18303028603084,0.1696971396916,0.013333146339240008,0.11151486252428001,0.0848485698458,0.026666292678480016,0.2545457095374,0.2545457095374,0.0,"Kim, S. C. et al. Potentiometric Measurement to Probe Solvation Energy and Its Correlation to Lithium Battery Cyclability. J. Am. Chem. Soc. 143, 10301–10308 (2021)."
cui2023_110,Kim et al. PNAS 2023,10.1073/pnas.2214357120,2023,cui_pnas_2023_dataset_s01,2_2m_lifsi_tep_1_2_mr,2.2M LiFSI TEP (= 1:2 MR),Cycle,0.2,1.0,140.0,99.0,1.9999999999999996,8.0,1.0,,,5.885162473305408,,,2.2,,,0.12460715174129353,0.9158809701492537,0.13605168772202714,1.3940655161691542,0.025140813653571407,0.0,0.025140813653571407,0.18478869372747253,0.1345070664203297,0.050281627307142814,0.20176059963049456,0.20176059963049456,0.0,"Zeng, Z. et al. Non-flammable electrolytes with high salt-to-solvent ratios for Li-ion and Li-metal batteries. Nat. Energy 3, 674–681 (2018)."
cui2023_111,Kim et al. PNAS 2023,10.1073/pnas.2214357120,2023,cui_pnas_2023_dataset_s01,1_3_m_litfsi_0_04_m_lino3_sl_d2_1_2_wt,1.3 M LiTFSI 0.04 M LiNO3 SL-D2 (1:2 wt),Cycle,0.5,1.0,100.0,99.0,1.9999999999999996,24.0,0.33571643588199884,0.6642835641180012,,3.5228588541737094,4.937368341348108,,1.3,0.04,,1.1624731601166824,0.4748258654350836,2.4482094273687194,1.8420924597331365,0.28641380872492106,0.23367668718717735,0.05273712153774372,0.11698909640779882,0.08101967505128645,0.035969421356512384,0.24638315838291908,0.22880411787033783,0.017579040512581242,"Fu, J. et al. Lithium Nitrate Regulated Sulfone Electrolytes for Lithium Metal Batteries. Angew. Chemie Int. Ed. 59, 22194–22201 (2020)."
cui2023_112,Kim et al. PNAS 2023,10.1073/pnas.2214357120,2023,cui_pnas_2023_dataset_s01,1_2_m_lifsi_dee,1.2 M LiFSI DEE,Aurbach,0.5,1.0,10.0,99.0,1.9999999999999996,62.0,1.0,,,,7.125207324916224,,1.2,,,0.05613871733966746,0.44561076801266825,0.1259815098051479,0.5859575613618367,0.014221837819796386,0.0,0.014221837819796386,0.11288829481241261,0.08444461917281984,0.028443675639592773,0.2533338575184595,0.2533338575184595,0.0,"Yu, Z. et al. Rational solvent molecule tuning for high-performance lithium metal battery electrolytes. Nat. Energy (2022) doi:10.1038/s41560-021-00962-y."
cui2023_113,Kim et al. PNAS 2023,10.1073/pnas.2214357120,2023,cui_pnas_2023_dataset_s01,1_m_lifsi_dee,1 M LiFSI DEE,Aurbach,0.5,1.0,10.0,99.04,2.0177287669604342,63.0,1.0,,,,7.125207324916224,,1.0,,,0.04678226444972288,0.42689786223277915,0.10958655123040512,0.5438535233570864,0.011993674932963626,0.0,0.011993674932963626,0.1094447703509438,0.08545742048501653,0.02398734986592725,0.2563722614550496,0.2563722614550496,0.0,"Chen, Y. et al. Steric Effect Tuned Ion Solvation Enabling Stable Cycling of High-Voltage Lithium Metal Battery. J. Am. Chem. Soc. (2021) doi:10.1021/jacs.1c09006."
cui2023_114,Kim et al. PNAS 2023,10.1073/pnas.2214357120,2023,cui_pnas_2023_dataset_s01,4m_lifsi_dme,4M LiFSI DME,Cycle,0.2,1.0,,99.1,2.045757490560675,18.0,1.0,,,9.631602308033731,,,4.0,,,0.2076497695852535,0.915299539170507,0.22686537106031618,1.4344239631336406,0.041214671178999365,0.0,0.041214671178999365,0.18167017287112414,0.09924083051312539,0.08242934235799873,0.19848166102625078,0.19848166102625078,0.0,"Qian, J. et al. High rate and stable cycling of lithium metal anode. Nat. Commun. 6, (2015)."
cui2023_115,Kim et al. PNAS 2023,10.1073/pnas.2214357120,2023,cui_pnas_2023_dataset_s01,5_m_lifsi_ec_etfec_3_7_vol,5 M LiFSI/EC-ETFEC (3:7 vol),Aurbach,0.25,0.5,10.0,99.1,2.045757490560675,51.0,0.3,0.7,,4.496831777611229,5.096277875262919,,5.0,,,0.6488994262023062,1.251654348324908,0.5184334054131876,2.28544663028584,0.13545074930019868,0.08188926390133464,0.053561485398864066,0.2612693315783643,0.15414636078063618,0.10712297079772813,0.20873920338152596,0.20873920338152596,0.0,"Chen, S. et al. High-Efficiency Lithium Metal Anode Enabled by a Concentrated/Fluorinated Ester Electrolyte. ACS Appl. Mater. Interfaces 12, 27794–27802 (2020)."
cui2023_116,Kim et al. PNAS 2023,10.1073/pnas.2214357120,2023,cui_pnas_2023_dataset_s01,2_m_lifsi_1_m_litfsi_3wt_lino3_dol_dme_1_1_v,2 M LiFSI 1 M LiTFSI 3wt% LiNO3 DOL-DME (1:1 v),Cycle,0.5,1.0,450.0,99.1,2.045757490560675,12.0,0.5,0.5,,7.15462080509733,4.8158011540168655,,2.0,1.0,,0.23404367991513478,0.8739184710136284,0.2678095127611566,1.329516707527672,0.05152367637794367,0.020609470551177466,0.0309142058267662,0.19238926894988445,0.16457097052812097,0.027818298421763487,0.22014555743024708,0.20984082215465835,0.010304735275588733,"Qiu, F. et al. A Concentrated Ternary-Salts Electrolyte for High Reversible Li Metal Battery with Slight Excess Li. Adv. Energy Mater. 9, 1803372 (2019)."
cui2023_117,Kim et al. PNAS 2023,10.1073/pnas.2214357120,2023,cui_pnas_2023_dataset_s01,lifsi_1_4tep_3tte,LiFSI-1.4TEP-3TTE,Aurbach,0.5,1.0,10.0,99.1,2.045757490560675,64.0,,,,,,,,,,1.1111111111111112,0.5384615384615384,2.0634920634920633,1.8376068376068377,0.2589641434262948,0.2390438247011952,0.0199203187250996,0.1254980079681275,0.08565737051792828,0.0398406374501992,0.2330677290836653,0.2330677290836653,0.0,"Ren, X. et al. Role of inner solvation sheath within salt–solvent complexes in tailoring electrode/electrolyte interphases for lithium metal batteries. Proc. Natl. Acad. Sci. 117, 28603–28613 (2020)."
cui2023_118,Kim et al. PNAS 2023,10.1073/pnas.2214357120,2023,cui_pnas_2023_dataset_s01,2_54m_lifsi_dme_btfe_1_4_w_w,2.54M LiFSI DME-BTFE (1:4 w/w),Aurbach,0.5,1.0,10.0,99.11,2.0506099933550863,30.0,0.28794093519278097,0.712059064807219,,2.77333257598018,5.490854865049735,,2.54,,,1.1502984855326432,0.6412463466090134,1.793848014285864,2.0220575127401252,0.24994145469108509,0.2165503100226099,0.03339114466847517,0.13933257037418942,0.0725502810372391,0.06678228933695034,0.21728399874868148,0.21728399874868148,0.0,"Liu, H. et al. Ultrahigh coulombic efficiency electrolyte enables Li||SPAN batteries with superior cycling performance. Mater. Today 42, 17–28 (2021)."
cui2023_119,Kim et al. PNAS 2023,10.1073/pnas.2214357120,2023,cui_pnas_2023_dataset_s01,1m_lifsi_dmc_btfe_1_2_by_mol,1M LiFSI DMC-BTFE (1:2 by mol),Aurbach,0.5,1.0,10.0,99.12,2.0555173278498353,5.0,0.24504666620399992,0.7549533337960002,,2.9108098851914996,5.821622658341667,,1.0,,,1.1533723066484836,0.5794715170431417,1.990386537950605,1.8265384259120552,0.27923329060460994,0.2641108813362473,0.015122409268362605,0.14029098633882522,0.11004616780210003,0.03024481853672521,0.2421016084702237,0.2421016084702237,0.0,"Kim, S. C. et al. Potentiometric Measurement to Probe Solvation Energy and Its Correlation to Lithium Battery Cyclability. J. Am. Chem. Soc. 143, 10301–10308 (2021)."
cui2023_120,Kim et al. PNAS 2023,10.1073/pnas.2214357120,2023,cui_pnas_2023_dataset_s01,1_2m_lifsi_tep_btfe_1_3_mol,1.2M LiFSI TEP-BTFE (1:3 mol),Aurbach,0.5,1.0,10.0,99.2,2.096910013008062,13.0,0.3039902023183154,0.6960097976816846,,1.7890317309362687,1.7890317309362687,,1.2,,,1.074528210443509,0.5379453097759068,1.9974673836102927,1.7798213914402348,0.24890130419569972,0.23163775671647216,0.017263547479227564,0.12460844479263875,0.09008134983418362,0.03452709495845513,0.23163775671647216,0.23163775671647216,0.0,"Chen, S. et al. High-Efficiency Lithium Metal Batteries with Fire-Retardant Electrolytes. Joule 2, 1548–1558 (2018)."
cui2023_121,Kim et al. PNAS 2023,10.1073/pnas.2214357120,2023,cui_pnas_2023_dataset_s01,5_5m_lifsi_dmc,5.5M LiFSI DMC,Aurbach,0.5,1.0,10.0,99.2,2.096910013008062,23.0,1.0,,,11.878594107329203,,,5.5,,,0.30867850467289726,1.6173570093457945,0.19085365994596007,2.3890532710280374,0.0556840424653077,0.0,0.0556840424653077,0.2917630318489808,0.18039494691836538,0.1113680849306154,0.18039494691836538,0.18039494691836538,0.0,"Chen, S. et al. High-Voltage Lithium-Metal Batteries Enabled by Localized High-Concentration Electrolytes. Adv. Mater. 30, 1–7 (2018)."
cui2023_122,Kim et al. PNAS 2023,10.1073/pnas.2214357120,2023,cui_pnas_2023_dataset_s01,2m_lipf6_thf_mthf_1_1_vol,2M LiPF6 THF-MTHF (1:1 vol),Cycle,0.5,1.0,100.0,99.2,2.096910013008062,22.0,0.5,0.5,,6.157772106956618,4.95762219900151,,2.0,,,0.24282060697356073,0.22492056601026778,1.0795838338877193,0.5082112741460886,0.0684255872232152,0.0,0.0684255872232152,0.06338144855023063,0.06338144855023063,0.0,0.281794811717383,0.281794811717383,0.0,"Chen, J. et al. Electrolyte design for Li metal-free Li batteries. Mater. Today 39, 118–126 (2020)."
cui2023_123,Kim et al. PNAS 2023,10.1073/pnas.2214357120,2023,cui_pnas_2023_dataset_s01,1_m_lipf6_fec_femc_d2_2_6_2_wt,1 M LiPF6 FEC-FEMC-D2 (2:6:2 wt),Cycle,0.2,1.0,500.0,99.2,2.096910013008062,65.0,0.18750495897316619,0.6291512546468851,0.1833437863799486,2.570692386397341,4.676243180481838,1.5077614011508933,1.0,,,1.4123380176006606,0.521189434694791,2.7098362391550146,1.9643459020389809,0.36236869332657035,0.3149254840179994,0.047443209308570905,0.13372346568055518,0.13372346568055518,0.0,0.25657363096560803,0.25657363096560803,0.0,"Fan, X. et al. Non-flammable electrolyte enables Li-metal batteries with aggressive cathode chemistries. Nat. Nanotechnol. 13, 715–722 (2018)."
cui2023_124,Kim et al. PNAS 2023,10.1073/pnas.2214357120,2023,cui_pnas_2023_dataset_s01,lifsi_tep_1_1_molar,LiFSI-TEP 1:1 molar,Cycle,0.2,1.0,300.0,99.2,2.096910013008062,66.0,,,,,,,,,,0.3333333333333333,1.3333333333333333,0.25,2.3333333333333335,0.05555555555555555,0.0,0.05555555555555555,0.2222222222222222,0.1111111111111111,0.1111111111111111,0.16666666666666666,0.16666666666666666,0.0,"Xiao, L. et al. Stable Li Metal Anode with “Ion–Solvent-Coordinated” Nonflammable Electrolyte for Safe Li Metal Batteries. ACS Energy Lett. 4, 483–488 (2019)."
cui2023_125,Kim et al. PNAS 2023,10.1073/pnas.2214357120,2023,cui_pnas_2023_dataset_s01,10_m_lifsi_dmc,10 M LiFSI DMC,Cycle,0.5,1.0,200.0,99.2,2.096910013008062,52.0,1.0,,,11.878594107329203,,,10.0,,,0.5612336448598132,2.1224672897196264,0.2644251092010709,3.5255514018691594,0.08245956114574465,0.0,0.08245956114574465,0.3118446708593085,0.14692554856781917,0.1649191222914893,0.14692554856781917,0.14692554856781917,0.0,"Fan, X. et al. Highly Fluorinated Interphases Enable High-Voltage Li-Metal Batteries. Chem 4, 174–185 (2018)."
cui2023_126,Kim et al. PNAS 2023,10.1073/pnas.2214357120,2023,cui_pnas_2023_dataset_s01,4_5_m_lifsi_dme_1_1,4.5 M LiFSI/DME (1 : 1),Cycle,0.5,1.0,500.0,99.22,2.107905397309518,19.0,1.0,,,9.631602308033731,,,4.5,,,0.23360599078341018,0.9672119815668203,0.24152512089954026,1.5512269585253458,0.04520213560417759,0.0,0.04520213560417759,0.18715293645574418,0.09674866524738901,0.09040427120835517,0.19349733049477802,0.19349733049477802,0.0,"Huang, F. et al. Enhancing metallic lithium battery performance by tuning the electrolyte solution structure. J. Mater. Chem. A 6, 1612–1620 (2018)."
cui2023_127,Kim et al. PNAS 2023,10.1073/pnas.2214357120,2023,cui_pnas_2023_dataset_s01,lifsi_dme_tte_1_1_2_3,LiFSI DME-TTE (1:1.2:3),Aurbach,0.5,1.0,10.0,99.3,2.1549019599857426,67.0,,,,,,,,,,1.3131313131313131,0.47474747474747475,2.765957446808511,1.9393939393939392,0.31250000000000006,0.2884615384615385,0.024038461538461543,0.11298076923076925,0.11298076923076925,0.04807692307692309,0.23798076923076927,0.23798076923076927,0.0,"Ren, X. et al. Enabling High-Voltage Lithium-Metal Batteries under Practical Conditions. Joule 3, 1662–1676 (2019)."
cui2023_128,Kim et al. PNAS 2023,10.1073/pnas.2214357120,2023,cui_pnas_2023_dataset_s01,1m_litfsi_in_fdma_fec_1_1_by_vol,1M LiTFSI in FDMA/FEC (1:1 by vol),Cycle,1.0,1.0,100.0,99.3,2.1549019599857426,27.0,0.5,0.5,,4.464981785709224,6.8549983970430155,,1.0,,,0.7247464959948232,0.5663897777631391,1.2795896473574913,1.5213129046211697,0.18981505498874351,0.15311214893172118,0.03670290605702234,0.14834056791623373,0.12387196387821883,0.024468604038014895,0.26190544699108054,0.24967114497207307,0.012234302019007447,"Wang, Q. et al. Interface chemistry of an amide electrolyte for highly reversible lithium metal batteries. Nat. Commun. 11, 4188 (2020)."
cui2023_129,Kim et al. PNAS 2023,10.1073/pnas.2214357120,2023,cui_pnas_2023_dataset_s01,lifsi_dme_fb_1_1_2_3_molar,LiFSI-DME-FB (1:1.2:3 molar),Cycle,1.0,1.0,500.0,99.3,2.1549019599857426,68.0,,,,,,,,,,0.21929824561403508,0.2807017543859649,0.78125,0.631578947368421,0.0766871165644172,0.04601226993865031,0.030674846625766878,0.098159509202454,0.03680981595092025,0.061349693251533756,0.3496932515337424,0.3496932515337424,0.0,"Jiang, Z. et al. Fluorobenzene, A Low-Density, Economical, and Bifunctional Hydrocarbon Cosolvent for Practical Lithium Metal Batteries. Adv. Funct. Mater. 31, 2005991 (2021)."
cui2023_130,Kim et al. PNAS 2023,10.1073/pnas.2214357120,2023,cui_pnas_2023_dataset_s01,lifsi_tep_1_1_5_molar,LiFSI-TEP 1:1.5 molar,Cycle,0.2,1.0,300.0,99.3,2.1549019599857426,66.0,,,,,,,,,,0.2222222222222222,1.1111111111111112,0.19999999999999998,1.8333333333333333,0.04081632653061224,0.0,0.04081632653061224,0.20408163265306123,0.12244897959183673,0.08163265306122448,0.1836734693877551,0.1836734693877551,0.0,"Xiao, L. et al. Stable Li Metal Anode with “Ion–Solvent-Coordinated” Nonflammable Electrolyte for Safe Li Metal Batteries. ACS Energy Lett. 4, 483–488 (2019)."
cui2023_131,Kim et al. PNAS 2023,10.1073/pnas.2214357120,2023,cui_pnas_2023_dataset_s01,10_m_lifsi_ec_dmc,10 M LiFSI EC-DMC,Cycle,0.5,1.0,240.0,99.3,2.1549019599857426,52.0,0.5,0.5,,7.494719629352049,5.9392970536646015,,10.0,,,0.4962526714065123,1.9925053428130246,0.24905964402880917,3.2331370213293056,0.08122857869907459,0.0,0.08122857869907459,0.326141069605314,0.16368391220716486,0.16245715739814917,0.16368391220716486,0.16368391220716486,0.0,"Fan, X. et al. Highly Fluorinated Interphases Enable High-Voltage Li-Metal Batteries. Chem 4, 174–185 (2018)."
cui2023_132,Kim et al. PNAS 2023,10.1073/pnas.2214357120,2023,cui_pnas_2023_dataset_s01,1_33_m_lifsi_dme_tte_1_2_vol,1.33 M LiFSI DME-TTE (1:2 vol),Cycle,0.2,0.5,100.0,99.3,2.1549019599857426,69.0,0.333,0.667,,2.198601787299317,,,1.33,,,0.5518873241396554,0.5551128506645212,0.9941894219868904,1.2157487855063753,0.13008085617282353,0.11299269128965084,0.017088164883172694,0.13084111870035448,0.09666478893400911,0.03417632976634539,0.23570183710163728,0.23570183710163728,0.0,"Park, K., Jo, Y., Koo, B., Lee, H. & Lee, H. Wide temperature cycling of Li-metal batteries with hydrofluoroether dilution of high-concentration electrolyte. Chem. Eng. J. 427, 131889 (2022)."
cui2023_133,Kim et al. PNAS 2023,10.1073/pnas.2214357120,2023,cui_pnas_2023_dataset_s01,lifsi_2_2dmc_3tte,LiFSI-2.2DMC-3TTE,Aurbach,0.5,1.0,10.0,99.3,2.1549019599857426,32.0,,,,,,,,,,1.2037037037037037,0.6296296296296297,1.9117647058823528,1.972222222222222,0.28761061946902655,0.2654867256637168,0.022123893805309734,0.1504424778761062,0.10619469026548674,0.04424778761061947,0.23893805309734514,0.23893805309734514,0.0,"Ren, X. et al. Enabling High-Voltage Lithium-Metal Batteries under Practical Conditions. Joule 3, 1662–1676 (2019)."
cui2023_134,Kim et al. PNAS 2023,10.1073/pnas.2214357120,2023,cui_pnas_2023_dataset_s01,1_2_m_lifsi_f3dee,1.2 M LiFSI F3DEE,Aurbach,0.5,1.0,10.0,99.3,2.1549019599857426,62.0,1.0,,,,6.215581941120432,,1.2,,,0.5643543925233645,0.46204211838006237,1.2214349516490248,1.1229280996884736,0.14149757460972867,0.12536234012200997,0.016135234487718707,0.11584536239011074,0.08357489341467332,0.032270468975437415,0.25072468024401995,0.25072468024401995,0.0,"Yu, Z. et al. Rational solvent molecule tuning for high-performance lithium metal battery electrolytes. Nat. Energy (2022) doi:10.1038/s41560-021-00962-y."
cui2023_135,Kim et al. PNAS 2023,10.1073/pnas.2214357120,2023,cui_pnas_2023_dataset_s01,1_2_m_lifsi_f6dee,1.2 M LiFSI F6DEE,Aurbach,0.5,1.0,10.0,99.3,2.1549019599857426,62.0,1.0,,,,6.1912932727176235,,1.2,,,1.064606857142857,0.4625470476190476,2.301618532910114,1.6240641904761903,0.266838760561121,0.2506453521042036,0.01619340845691741,0.11593526761523601,0.0835484507014012,0.03238681691383482,0.2506453521042036,0.2506453521042036,0.0,"Yu, Z. et al. Rational solvent molecule tuning for high-performance lithium metal battery electrolytes. Nat. Energy (2022) doi:10.1038/s41560-021-00962-y."
cui2023_136,Kim et al. PNAS 2023,10.1073/pnas.2214357120,2023,cui_pnas_2023_dataset_s01,4_m_lifsi_dee,4 M LiFSI DEE,Aurbach,0.5,1.0,10.0,99.38,2.2076083105017474,63.0,1.0,,,,7.125207324916224,,4.0,,,0.18712905779889152,0.7075914489311165,0.2644591848609358,1.1754140934283452,0.040659794381976075,0.0,0.040659794381976075,0.15374695495396304,0.07242736619001088,0.08131958876395215,0.2172820985700326,0.2172820985700326,0.0,"Chen, Y. et al. Steric Effect Tuned Ion Solvation Enabling Stable Cycling of High-Voltage Lithium Metal Battery. J. Am. Chem. Soc. (2021) doi:10.1021/jacs.1c09006."
cui2023_137,Kim et al. PNAS 2023,10.1073/pnas.2214357120,2023,cui_pnas_2023_dataset_s01,1_28m_lifsi_fec_femc_d2,1.28M LiFSI FEC-FEMC-D2 ,Cycle,,2.0,100.0,99.4,2.221848749616364,33.0,0.1,0.2,0.7,1.3709996794086032,1.6447368421052635,5.2028350927703135,1.28,,,1.4374708320000367,0.6148578970180965,2.33789114358196,2.174220772445004,0.3504395816996277,0.33062895516487684,0.019810626534750846,0.14989559401072355,0.11027434094122185,0.03962125306950169,0.2437890035041899,0.2437890035041899,0.0,"Fan, X. et al. All-temperature batteries enabled by fluorinated electrolytes with non-polar solvents. Nat. Energy 4, 882–890 (2019)."
cui2023_138,Kim et al. PNAS 2023,10.1073/pnas.2214357120,2023,cui_pnas_2023_dataset_s01,1_2m_litfsi_1m_an_in_fm,1.2M LiTFSI 1M AN in FM,Cycle,0.5,1.0,200.0,99.4,2.221848749616364,70.0,1.0,,,16.365986954222247,,,1.2,1.0,,1.1348358739785633,0.2311472125346799,4.909580615462969,1.5874991651923114,0.22018126989070175,0.15291037025502924,0.06727089963567251,0.04484726642378167,0.0,0.04484726642378167,0.19402036447682908,0.15291037025502924,0.041109994221799874,"Yang, Y. et al. Liquefied gas electrolytes for wide-temperature lithium metal batteries. Energy Environ. Sci. 13, 2209–2219 (2020)."
cui2023_139,Kim et al. PNAS 2023,10.1073/pnas.2214357120,2023,cui_pnas_2023_dataset_s01,0_5m_litfsi_0_5m_thf_ch3f,0.5M LiTFSI 0.5M THF CH3F,Cycle,1.0,1.0,200.0,99.4,2.221848749616364,29.0,1.0,,,16.365986954222247,,,0.5,0.5,,1.0,0.12909231044663802,7.746394781688899,1.206547696714621,0.2010380989070283,0.1698951316961787,0.03114296721084962,0.025952472675708015,0.0,0.025952472675708015,0.2010380989070283,0.1698951316961787,0.03114296721084962,"Yang, Y. et al. High-Efficiency Lithium-Metal Anode Enabled by Liquefied Gas Electrolytes. Joule 3, 1986–2000 (2019)."
cui2023_140,Kim et al. PNAS 2023,10.1073/pnas.2214357120,2023,cui_pnas_2023_dataset_s01,1_m_lifsi_dme_fdmh_1_6_molar,1 M LiFSI DME-FDMH (1:6 molar),Aurbach,0.5,1.0,10.0,99.4,2.221848749616364,71.0,0.08530150648158688,0.9146984935184131,,0.8215901867068065,4.098111530100418,,1.0,,,0.964338340360166,0.3836684974142764,2.5134676077376654,1.4311755594439877,0.252260823717337,0.23775677857204658,0.014504045145290415,0.10036366609251558,0.07135557580193476,0.02900809029058083,0.2615895408898928,0.2615895408898928,0.0,"Wang, H. et al. Dual-Solvent Li-Ion Solvation Enables High-Performance Li-Metal Batteries. Adv. Mater. 33, 2008619 (2021)."
cui2023_141,Kim et al. PNAS 2023,10.1073/pnas.2214357120,2023,cui_pnas_2023_dataset_s01,lifsi_1_2dme_3btfe,LiFSI-1.2DME-3BTFE,Aurbach,0.5,1.0,10.0,99.4,2.221848749616364,44.0,,,,,,,,,,1.1904761904761905,0.5595238095238095,2.127659574468085,1.9285714285714284,0.2695417789757413,0.24258760107816715,0.02695417789757413,0.1266846361185984,0.07277628032345015,0.05390835579514826,0.22641509433962267,0.22641509433962267,0.0,"Cao, X. et al. Effects of fluorinated solvents on electrolyte solvation structures and electrode/electrolyte interphases for lithium metal batteries. Proc. Natl. Acad. Sci. 118, e2020357118 (2021)."
cui2023_142,Kim et al. PNAS 2023,10.1073/pnas.2214357120,2023,cui_pnas_2023_dataset_s01,1_8_m_lifsi_dme_1_1_with_hfme_at_50_concentration,1.8 M LiFSI/DME (1 : 1) with HFME at 50% concentration,Cycle,0.5,1.0,500.0,99.46,2.2676062401770256,19.0,0.5,0.5,,4.8158011540168655,3.7897095654466364,,1.8,,,0.7651567190866807,0.5990728657986603,1.2772348119399533,1.521105805717492,0.17339383858967836,0.1496937961147221,0.023700042474956245,0.13575721313633451,0.08835712818642202,0.04740008494991249,0.22661218841108477,0.22661218841108477,0.0,"Huang, F. et al. Enhancing metallic lithium battery performance by tuning the electrolyte solution structure. J. Mater. Chem. A 6, 1612–1620 (2018)."
cui2023_143,Kim et al. PNAS 2023,10.1073/pnas.2214357120,2023,cui_pnas_2023_dataset_s01,1_8m_lifsi_dee_btfe_1_4_w_w,1.8M LiFSI DEE-BTFE (1:4 w/w),Aurbach,0.5,1.0,10.0,99.5,2.301029995663981,30.0,0.32976324689966174,0.6702367531003381,,3.1739490061821196,5.168353186392606,,1.8,,,1.0371872871364343,0.46576777710140194,2.2268334954193905,1.6647808970638878,0.24180132089638529,0.21665015767009863,0.025151163226286657,0.1085852720438111,0.05828294559123778,0.050302326452573314,0.2331317823649511,0.2331317823649511,0.0,"Liu, H. et al. Ultrahigh coulombic efficiency electrolyte enables Li||SPAN batteries with superior cycling performance. Mater. Today 42, 17–28 (2021)."
cui2023_144,Kim et al. PNAS 2023,10.1073/pnas.2214357120,2023,cui_pnas_2023_dataset_s01,1_2m_lifsi_dmc_btfe_1_2_mol,1.2M LiFSI DMC-BTFE (1:2 mol),Aurbach,0.5,1.0,10.0,99.5,2.301029995663981,23.0,0.24227544535700013,0.7577245546429999,,2.87789167756822,5.842992193850629,,1.2,,,1.1703546220687335,0.6022896256088567,1.9431757950099475,1.8851244096635242,0.2791628377048557,0.2612763608977995,0.017886476807056215,0.14366319219380078,0.10789023857968835,0.03577295361411243,0.23852841902858807,0.23852841902858807,0.0,"Chen, S. et al. High-Voltage Lithium-Metal Batteries Enabled by Localized High-Concentration Electrolytes. Adv. Mater. 30, 1–7 (2018)."
cui2023_145,Kim et al. PNAS 2023,10.1073/pnas.2214357120,2023,cui_pnas_2023_dataset_s01,1m_lifsi_dme_tfeo_1_2_3_mol,1M LiFSI DME-TFEO (1.2:3 mol),Aurbach,0.5,1.0,10.0,99.5,2.301029995663981,31.0,0.1634492544449742,0.8365507455550258,,1.5742782163586062,3.9301910716085486,,1.0,,,1.088923686863239,0.5608715076946277,1.9414851207883335,1.7383604982889427,0.2677886149890842,0.2532686014452205,0.01452001354386372,0.1379297796937787,0.10888975260605127,0.02904002708772744,0.24592046092823816,0.24592046092823816,0.0,"Cao, X. et al. Monolithic solid–electrolyte interphases formed in fluorinated orthoformate-based electrolytes minimize Li depletion and pulverization. Nat. Energy 4, 796–805 (2019)."
cui2023_146,Kim et al. PNAS 2023,10.1073/pnas.2214357120,2023,cui_pnas_2023_dataset_s01,1_7_m_lifsi_methf_tte_1_1_vol,1.7 M LiFSI MeTHF-TTE (1:1 vol),Cycle,1.0,1.0,40.0,99.5,2.301029995663981,45.0,0.5,0.5,,3.301203884833809,4.95762219900151,,1.7,,,0.7218854296257844,0.36467231373982745,1.9795454780282766,1.2100619786704825,0.19140193415569076,0.16957118507959812,0.021830749076092667,0.09668983929903767,0.05302834114685233,0.043661498152185334,0.26514170573426166,0.26514170573426166,0.0,"Xu, R. et al. Designing and Demystifying the Lithium Metal Interface toward Highly Reversible Batteries. Adv. Mater. 33, 2105962 (2021)."
cui2023_147,Kim et al. PNAS 2023,10.1073/pnas.2214357120,2023,cui_pnas_2023_dataset_s01,lifsi_1dme_3tte,LiFSI-1DME-3TTE,Aurbach,0.5,1.0,10.0,99.5,2.301029995663981,64.0,,,,,,,,,,1.368421052631579,0.47368421052631576,2.888888888888889,2.0,0.325,0.3,0.025,0.1125,0.0625,0.05,0.2375,0.2375,0.0,"Ren, X. et al. Role of inner solvation sheath within salt–solvent complexes in tailoring electrode/electrolyte interphases for lithium metal batteries. Proc. Natl. Acad. Sci. 117, 28603–28613 (2020)."
cui2023_148,Kim et al. PNAS 2023,10.1073/pnas.2214357120,2023,cui_pnas_2023_dataset_s01,lifsi_1_2dme_3tfeo,LiFSI-1.2DME-3TFEO,Aurbach,0.5,1.0,10.0,99.5,2.301029995663981,44.0,,,,,,,,,,1.124031007751938,0.5968992248062015,1.883116883116883,1.8372093023255813,0.27052238805970147,0.251865671641791,0.018656716417910446,0.14365671641791045,0.10634328358208955,0.03731343283582089,0.24067164179104478,0.24067164179104478,0.0,"Cao, X. et al. Effects of fluorinated solvents on electrolyte solvation structures and electrode/electrolyte interphases for lithium metal batteries. Proc. Natl. Acad. Sci. 118, e2020357118 (2021)."
cui2023_149,Kim et al. PNAS 2023,10.1073/pnas.2214357120,2023,cui_pnas_2023_dataset_s01,1_2_m_lifsi_f4dee,1.2 M LiFSI F4DEE,Aurbach,0.5,1.0,10.0,99.5,2.301029995663981,62.0,1.0,,,,6.521510465972441,,1.2,,,0.7280021505376344,0.4560043010752688,1.596480885862235,1.2760096774193548,0.18322152191621047,0.16778478083789555,0.015436741078314902,0.11476587257557758,0.08389239041894778,0.030873482156629804,0.25167717125684336,0.25167717125684336,0.0,"Yu, Z. et al. Rational solvent molecule tuning for high-performance lithium metal battery electrolytes. Nat. Energy (2022) doi:10.1038/s41560-021-00962-y."
cui2023_150,Kim et al. PNAS 2023,10.1073/pnas.2214357120,2023,cui_pnas_2023_dataset_s01,1_2_m_lifsi_f5dee,1.2 M LiFSI F5DEE,Aurbach,0.5,1.0,10.0,99.5,2.301029995663981,62.0,1.0,,,,6.19798973728211,,1.2,,,0.8978703875968993,0.4624074418604651,1.9417299686708724,1.4570834108527133,0.22506672801861702,0.2088894001551417,0.016177327863475328,0.11591041578900733,0.08355576006205667,0.032354655726950655,0.25066728018617,0.25066728018617,0.0,"Yu, Z. et al. Rational solvent molecule tuning for high-performance lithium metal battery electrolytes. Nat. Energy (2022) doi:10.1038/s41560-021-00962-y."
